name,seq,AAA,AAC,AAG,AAT,ACA,ACC,ACG,ACT,AGA,AGC,AGG,AGT,ATA,ATC,ATG,ATT,CAA,CAC,CAG,CAT,CCA,CCC,CCG,CCT,CGA,CGC,CGG,CGT,CTA,CTC,CTG,CTT,GAA,GAC,GAG,GAT,GCA,GCC,GCG,GCT,GGA,GGC,GGG,GGT,GTA,GTC,GTG,GTT,TAA,TAC,TAG,TAT,TCA,TCC,TCG,TCT,TGA,TGC,TGG,TGT,TTA,TTC,TTG,TTT,optimal,non_optimal,ratio
EGFP,ATGGTGAGCAAGGGCGAGGAGCTGTTCACCGGGGTGGTGCCCATCCTGGTCGAGCTGGACGGCGACGTAAACGGCCACAAGTTCAGCGTGTCCGGCGAGGGCGAGGGCGATGCCACCTACGGCAAGCTGACCCTGAAGTTCATCTGCACCACCGGCAAGCTGCCCGTGCCCTGGCCCACCCTCGTGACCACCCTGACCTACGGCGTGCAGTGCTTCAGCCGCTACCCCGACCACATGAAGCAGCACGACTTCTTCAAGTCCGCCATGCCCGAAGGCTACGTCCAGGAGCGCACCATCTTCTTCAAGGACGACGGCAACTACAAGACCCGCGCCGAGGTGAAGTTCGAGGGCGACACCCTGGTGAACCGCATCGAGCTGAAGGGCATCGACTTCAAGGAGGACGGCAACATCCTGGGGCACAAGCTGGAGTACAACTACAACAGCCACAACGTCTATATCATGGCCGACAAGCAGAAGAACGGCATCAAGGTGAACTTCAAGATCCGCCACAACATCGAGGACGGCAGCGTGCAGCTCGCCGACCACTACCAGCAGAACACCCCCATCGGCGACGGCCCCGTGCTGCTGCCCGACAACCACTACCTGAGCACCCAGTCCGCCCTGAGCAAAGACCCCAACGAGAAGCGCGATCACATGGTCCTGCTGGAGTTCGTGACCGCCGCCGGGATCACTCTCGGCATGGACGAGCTGTACAAGTAG,0.00416666666666667,0.0541666666666667,0.0791666666666667,0,0,0.0625,0,0.00416666666666667,0,0.0291666666666667,0,0,0,0.05,0.025,0,0,0.0375,0.0333333333333333,0,0,0.0416666666666667,0,0,0,0.025,0,0,0,0.0125,0.075,0,0.00416666666666667,0.0666666666666667,0.0625,0.00833333333333333,0,0.0333333333333333,0,0,0,0.0791666666666667,0.0125,0,0.00416666666666667,0.0166666666666667,0.0541666666666667,0,0,0.0416666666666667,0.00416666666666667,0.00416666666666667,0,0.0125,0,0,0,0.00833333333333333,0.00416666666666667,0,0,0.05,0,0,0.570833333333333,0.0291666666666667,4.29067716090292
EGFP_1,ATGGTGAGCAAAGGGGAAGAATTATTTACTGGGGTAGTGCCGATTTTAGTAGAGCTGGACGGGGATGTAAACGGCCATAAATTCAGCGTATCCGGCGAGGGCGAAGGCGATGCGACGTATGGGAAACTAACTCTGAAATTTATATGTACCACTGGTAAATTGCCGGTACCGTGGCCGACTCTAGTGACCACTTTAACTTATGGCGTGCAGTGTTTTAGTAGGTATCCGGACCACATGAAACAACACGACTTTTTCAAAAGCGCGATGCCCGAAGGGTACGTGCAAGAGAGGACTATATTCTTCAAAGACGACGGGAATTACAAAACTAGGGCGGAGGTGAAGTTTGAGGGCGACACTTTAGTAAATAGGATCGAGCTCAAAGGGATCGACTTTAAAGAGGACGGGAATATATTAGGGCACAAATTAGAGTACAACTATAACAGCCATAACGTATATATAATGGCCGACAAGCAGAAAAACGGCATCAAAGTAAATTTTAAAATCAGGCACAATATCGAGGATGGGAGTGTTCAATTGGCGGACCACTACCAGCAAAACACTCCCATTGGCGACGGGCCCGTGTTATTACCGGACAACCACTACTTAAGTACTCAAAGTGCGTTGAGTAAAGACCCGAACGAAAAGAGGGATCACATGGTATTATTGGAGTTCGTTACTGCAGCGGGGATAACTTTAGGGATGGACGAGCTGTACAAATAG,0.0708333333333333,0.0333333333333333,0.0125,0.0208333333333333,0,0.00833333333333333,0.00416666666666667,0.0541666666666667,0,0.0166666666666667,0.025,0.0208333333333333,0.0208333333333333,0.0208333333333333,0.025,0.00833333333333333,0.0208333333333333,0.0291666666666667,0.0125,0.00833333333333333,0,0.0125,0.0291666666666667,0,0,0,0,0,0.00833333333333333,0.00416666666666667,0.0125,0,0.0208333333333333,0.0583333333333333,0.0458333333333333,0.0166666666666667,0.00416666666666667,0.00416666666666667,0.025,0,0,0.0333333333333333,0.0541666666666667,0.00416666666666667,0.0375,0,0.0291666666666667,0.00833333333333333,0,0.025,0.00416666666666667,0.0208333333333333,0,0.00416666666666667,0,0,0,0,0.00416666666666667,0.00833333333333333,0.0458333333333333,0.0208333333333333,0.0166666666666667,0.0291666666666667,0.179166666666667,0.370833333333333,-1.0494686762643
EGFP_2,ATGGTGAGCAAGGGCGAGGAGTTATTCACTGGGGTAGTGCCGATTTTAGTGGAGTTAGACGGGGACGTAAACGGACACAAATTCAGCGTGAGCGGGGAGGGCGAGGGGGATGCGACTTATGGCAAACTGACTCTGAAGTTCATATGCACTACTGGTAAGTTGCCGGTGCCCTGGCCCACTCTCGTGACTACTTTAACTTACGGCGTGCAATGTTTTTCGAGGTATCCCGACCACATGAAACAACACGATTTTTTCAAGAGCGCCATGCCCGAAGGCTACGTGCAGGAGAGGACGATATTTTTCAAAGACGATGGGAATTACAAGACCAGGGCGGAGGTGAAGTTCGAGGGGGACACATTGGTAAACAGGATCGAGCTCAAGGGGATCGACTTTAAAGAAGACGGGAACATCTTGGGGCACAAACTGGAGTACAATTATAACAGCCATAACGTATATATCATGGCGGACAAGCAGAAAAACGGCATCAAAGTAAACTTTAAAATCAGGCACAACATAGAGGATGGTAGCGTGCAATTGGCGGACCACTATCAGCAAAACACTCCCATTGGCGACGGGCCCGTGTTATTACCCGACAACCACTACTTAAGCACTCAGTCCGCGTTAAGCAAAGACCCGAACGAAAAGAGGGACCACATGGTCTTATTGGAGTTTGTGACCGCAGCGGGGATAACTCTCGGGATGGACGAGTTATACAAATAG,0.0458333333333333,0.0458333333333333,0.0375,0.00833333333333333,0.00416666666666667,0.00833333333333333,0.00416666666666667,0.05,0,0.0333333333333333,0.025,0,0.0166666666666667,0.025,0.025,0.00833333333333333,0.0166666666666667,0.0333333333333333,0.0166666666666667,0.00416666666666667,0,0.0291666666666667,0.0125,0,0,0,0,0,0,0.0125,0.0125,0,0.0125,0.0583333333333333,0.0541666666666667,0.0166666666666667,0.00416666666666667,0.00416666666666667,0.025,0,0.00416666666666667,0.0291666666666667,0.05,0.00833333333333333,0.0208333333333333,0.00416666666666667,0.05,0,0,0.025,0.00416666666666667,0.0208333333333333,0,0.00416666666666667,0.00416666666666667,0,0,0.00416666666666667,0.00416666666666667,0.00416666666666667,0.0416666666666667,0.025,0.0208333333333333,0.025,0.233333333333333,0.283333333333333,-0.280107919192735
EGFP_3,ATGGTTAGTAAAGGCGAAGAACTGTTTACTGGGGTCGTCCCGATTTTGGTTGAGTTAGACGGGGATGTTAATGGGCACAAATTTTCAGTTAGTGGTGAGGGGGAGGGGGACGCGACGTACGGCAAACTAACTCTTAAATTTATCTGCACCACAGGGAAATTACCGGTTCCGTGGCCCACTCTTGTCACTACGCTGACGTACGGGGTCCAATGCTTTTCGCGCTATCCTGACCACATGAAACAACATGATTTCTTCAAATCGGCGATGCCGGAGGGCTACGTCCAAGAGCGTACTATATTCTTCAAAGATGACGGAAACTACAAAACGCGCGCGGAAGTTAAATTTGAAGGGGATACGCTTGTCAACCGCATCGAACTGAAGGGGATAGATTTCAAAGAAGATGGTAACATACTTGGGCATAAACTAGAGTACAACTACAATTCGCATAACGTTTACATAATGGCGGACAAACAAAAAAATGGGATAAAAGTCAATTTCAAAATTCGCCATAACATTGAGGACGGTAGTGTTCAGCTCGCTGACCACTATCAACAAAACACTCCAATAGGCGACGGTCCCGTGTTGTTGCCGGACAATCACTACCTATCGACTCAGTCGGCGTTAAGTAAAGACCCAAATGAGAAACGCGACCATATGGTATTATTAGAGTTTGTTACTGCGGCAGGGATTACTTTAGGCATGGACGAATTATACAAGTAG,0.075,0.0291666666666667,0.00833333333333333,0.025,0.00416666666666667,0.00416666666666667,0.0208333333333333,0.0375,0,0,0,0.0166666666666667,0.025,0.00833333333333333,0.025,0.0166666666666667,0.025,0.0166666666666667,0.00833333333333333,0.0208333333333333,0.00833333333333333,0.00833333333333333,0.0208333333333333,0.00416666666666667,0,0.0208333333333333,0,0.00416666666666667,0.0125,0.00416666666666667,0.0125,0.0166666666666667,0.0291666666666667,0.05,0.0375,0.025,0.00416666666666667,0,0.025,0.00416666666666667,0.00416666666666667,0.0208333333333333,0.05,0.0166666666666667,0.00416666666666667,0.0291666666666667,0.00416666666666667,0.0375,0,0.0375,0.00416666666666667,0.00833333333333333,0.00416666666666667,0,0.0208333333333333,0,0,0.00833333333333333,0.00416666666666667,0,0.0291666666666667,0.025,0.0125,0.025,0.229166666666667,0.3625,-0.661583782324069
EGFP_4,ATGGTGAGCAAAGGCGAAGAATTATTCACTGGGGTCGTGCCGATTTTAGTTGAGCTGGACGGGGATGTAAACGGCCATAAATTCAGCGTATCCGGCGAGGGGGAAGGCGATGCGACGTATGGGAAGCTAACACTGAAGTTTATATGTACCACTGGCAAATTGCCTGTACCGTGGCCGACTCTAGTAACCACGTTAACTTATGGCGTGCAGTGCTTTTCCAGGTATCCCGACCACATGAAGCAACACGACTTTTTCAAAAGCGCCATGCCCGAAGGGTACGTGCAAGAGCGTACTATATTCTTCAAGGACGACGGTAATTACAAAACTCGTGCTGAAGTGAAGTTTGAGGGCGACACATTAGTAAACAGGATCGAGCTCAAAGGTATCGACTTCAAAGAGGACGGGAATATATTAGGGCACAAGTTAGAGTACAACTATAACAGCCATAACGTCTATATTATGGCCGACAAGCAGAAGAACGGCATCAAAGTAAACTTTAAAATCAGGCACAATATCGAGGATGGGAGTGTTCAATTGGCGGACCACTACCAGCAAAACACTCCCATTGGGGACGGGCCCGTGCTGTTACCGGACAACCACTACTTAAGTACTCAAAGTGCGTTAAGTAAAGATCCGAACGAAAAGCGTGATCACATGGTATTATTGGAGTTCGTTACTGCAGCTGGGATTACCTTAGGAATGGACGAGCTGTACAAGTAG,0.0416666666666667,0.0416666666666667,0.0416666666666667,0.0125,0.00833333333333333,0.0125,0.00833333333333333,0.0375,0,0.0166666666666667,0.0125,0.0166666666666667,0.0125,0.0208333333333333,0.025,0.0166666666666667,0.0208333333333333,0.0291666666666667,0.0125,0.00833333333333333,0,0.0166666666666667,0.0208333333333333,0.00416666666666667,0,0,0,0.0125,0.00833333333333333,0.00416666666666667,0.0166666666666667,0,0.025,0.0541666666666667,0.0416666666666667,0.0208333333333333,0.00416666666666667,0.00833333333333333,0.0125,0.00833333333333333,0.00416666666666667,0.0333333333333333,0.0458333333333333,0.00833333333333333,0.0291666666666667,0.00833333333333333,0.025,0.0125,0,0.025,0.00416666666666667,0.0208333333333333,0,0.00833333333333333,0,0,0,0.00416666666666667,0.00416666666666667,0.00416666666666667,0.0458333333333333,0.0291666666666667,0.0125,0.0208333333333333,0.275,0.295833333333333,-0.105353000146228
EGFP_5,ATGGTGAGCAAGGGGGAAGAATTATTTACCGGGGTTGTACCTATTCTGGTGGAACTGGACGGGGACGTAAATGGACACAAATTCAGTGTTTCCGGAGAGGGGGAAGGGGATGCGACTTATGGAAAACTAACTCTCAAATTCATATGCACTACTGGGAAACTGCCGGTCCCCTGGCCTACCCTCGTGACCACCTTAACCTATGGGGTGCAGTGCTTCAGTAGGTACCCGGATCATATGAAACAGCATGATTTTTTCAAGTCCGCGATGCCTGAGGGCTACGTGCAAGAAAGGACGATATTCTTCAAAGACGACGGAAATTACAAAACTAGGGCGGAGGTCAAATTTGAAGGTGACACTCTAGTCAATCGTATCGAGCTCAAAGGCATCGATTTTAAAGAAGACGGTAACATACTGGGACATAAACTGGAATACAACTATAACTCCCATAACGTATACATAATGGCCGATAAGCAGAAAAACGGAATAAAAGTCAACTTCAAAATAAGGCACAACATTGAGGATGGTTCTGTTCAACTGGCGGATCACTACCAGCAAAATACTCCGATTGGAGATGGGCCAGTGTTATTGCCCGATAACCATTATTTAAGCACTCAGAGTGCTTTAAGTAAGGATCCTAACGAAAAGAGGGATCACATGGTACTGCTGGAGTTTGTTACGGCAGCGGGGATTACTCTTGGAATGGACGAGCTGTATAAATAG,0.0625,0.0375,0.0208333333333333,0.0166666666666667,0,0.0208333333333333,0.00833333333333333,0.0375,0,0.00833333333333333,0.0208333333333333,0.0166666666666667,0.025,0.00833333333333333,0.025,0.0166666666666667,0.0125,0.0166666666666667,0.0208333333333333,0.0208333333333333,0.00416666666666667,0.00833333333333333,0.0125,0.0166666666666667,0,0,0,0.00416666666666667,0.00833333333333333,0.0125,0.0375,0.00416666666666667,0.0375,0.0291666666666667,0.0291666666666667,0.0458333333333333,0.00416666666666667,0.00416666666666667,0.0208333333333333,0.00416666666666667,0.0333333333333333,0.00833333333333333,0.0375,0.0125,0.0166666666666667,0.0166666666666667,0.025,0.0166666666666667,0,0.025,0.00416666666666667,0.0208333333333333,0,0.0125,0,0.00416666666666667,0,0.00833333333333333,0.00416666666666667,0,0.0208333333333333,0.0291666666666667,0.00416666666666667,0.0208333333333333,0.266666666666667,0.341666666666667,-0.357552004618084
EGFP_6,ATGGTGAGCAAGGGAGAGGAGCTGTTCACCGGGGTAGTGCCCATTTTGGTGGAGTTAGACGGGGACGTAAACGGACACAAATTCAGCGTGAGCGGCGAGGGCGAGGGCGATGCGACTTATGGCAAGCTGACACTGAAGTTCATATGTACTACTGGGAAGCTGCCGGTGCCCTGGCCCACCCTCGTGACTACCTTAACTTACGGCGTGCAATGTTTTAGTCGCTACCCCGACCACATGAAACAACACGACTTTTTCAAGTCCGCGATGCCCGAAGGCTACGTGCAGGAGAGGACGATATTCTTCAAAGACGATGGCAACTACAAGACCAGGGCGGAGGTGAAGTTCGAGGGGGACACTCTAGTGAACAGGATCGAGCTCAAGGGCATCGACTTTAAAGAAGACGGCAACATCTTAGGGCACAAACTGGAGTACAATTATAACTCCCACAACGTATATATCATGGCGGACAAGCAAAAAAATGGCATCAAAGTGAACTTTAAAATAAGGCACAATATCGAGGACGGTAGCGTGCAGCTCGCGGACCACTACCAGCAAAACACTCCCATTGGCGACGGGCCCGTATTATTACCCGACAACCACTATCTGAGCACGCAGTCCGCCTTGAGTAAGGACCCGAACGAGAAGAGGGACCACATGGTCCTGCTGGAGTTTGTGACCGCCGCGGGGATAACTCTCGGGATGGACGAATTATACAAATAG,0.0375,0.0416666666666667,0.0458333333333333,0.0125,0.00416666666666667,0.0208333333333333,0.00833333333333333,0.0333333333333333,0,0.0208333333333333,0.0208333333333333,0.00833333333333333,0.0166666666666667,0.025,0.025,0.00833333333333333,0.0166666666666667,0.0375,0.0166666666666667,0,0,0.0333333333333333,0.00833333333333333,0,0,0.00416666666666667,0,0,0.00416666666666667,0.0166666666666667,0.0333333333333333,0,0.0125,0.0666666666666667,0.0541666666666667,0.00833333333333333,0,0.00833333333333333,0.025,0,0.00833333333333333,0.0458333333333333,0.0333333333333333,0.00416666666666667,0.0166666666666667,0.00416666666666667,0.0541666666666667,0,0,0.0291666666666667,0.00416666666666667,0.0166666666666667,0,0.0125,0,0,0,0,0.00416666666666667,0.00833333333333333,0.025,0.0291666666666667,0.00833333333333333,0.0208333333333333,0.304166666666667,0.220833333333333,0.461904104316818
EGFP_7,ATGGTGAGCAAGGGAGAAGAACTGTTCACTGGGGTAGTACCGATTCTGGTGGAACTGGATGGGGACGTAAACGGACACAAATTCAGTGTTTCCGGCGAAGGGGAGGGGGATGCGACTTATGGCAAGCTAACTCTGAAATTCATATGTACCACTGGCAAACTTCCGGTGCCCTGGCCTACCCTCGTCACCACCCTTACCTACGGGGTGCAGTGCTTCAGTAGGTACCCGGATCACATGAAACAGCATGACTTTTTTAAGTCCGCGATGCCCGAAGGCTACGTGCAAGAGAGGACCATATTCTTTAAGGATGATGGTAACTACAAAACTAGGGCGGAGGTTAAGTTTGAGGGCGACACTTTAGTGAACCGAATCGAACTCAAAGGGATCGACTTTAAGGAGGACGGAAACATACTGGGGCACAAACTGGAGTATAACTACAATAGCCATAACGTCTACATAATGGCAGATAAGCAGAAGAACGGAATAAAGGTCAACTTCAAAATAAGGCACAATATTGAGGATGGTTCCGTTCAACTCGCGGACCACTATCAGCAGAACACCCCGATTGGCGATGGGCCCGTTCTGTTGCCCGATAACCATTATCTGAGCACACAGAGTGCGTTAAGTAAGGATCCCAATGAGAAGAGGGATCACATGGTACTGCTTGAGTTTGTTACCGCCGCGGGGATTACCCTGGGGATGGACGAACTGTATAAATAG,0.0375,0.0416666666666667,0.0458333333333333,0.0125,0.00416666666666667,0.0375,0,0.025,0,0.0125,0.0208333333333333,0.0166666666666667,0.025,0.00833333333333333,0.025,0.0166666666666667,0.00833333333333333,0.025,0.025,0.0125,0,0.0208333333333333,0.0166666666666667,0.00416666666666667,0.00416666666666667,0,0,0,0.00416666666666667,0.0125,0.0458333333333333,0.0125,0.0291666666666667,0.0291666666666667,0.0375,0.0458333333333333,0.00416666666666667,0.00416666666666667,0.025,0,0.0166666666666667,0.025,0.0416666666666667,0.00833333333333333,0.0166666666666667,0.0125,0.025,0.0208333333333333,0,0.025,0.00416666666666667,0.0208333333333333,0,0.0125,0,0,0,0.00416666666666667,0.00416666666666667,0.00416666666666667,0.00833333333333333,0.025,0.00416666666666667,0.025,0.3,0.291666666666667,0.0406419844973458
EGFP_8,ATGGTGAGCAAGGGGGAGGAGCTGTTCACCGGGGTAGTGCCCATTTTGGTGGAGTTAGACGGGGACGTAAACGGACACAAGTTCAGCGTGTCCGGCGAGGGCGAGGGCGATGCGACCTATGGCAAGCTGACTCTGAAGTTCATATGCACCACTGGTAAGCTGCCGGTGCCCTGGCCCACCCTCGTGACCACCTTAACTTATGGCGTGCAGTGCTTCAGCCGCTACCCCGACCACATGAAGCAGCACGACTTTTTCAAGTCCGCCATGCCCGAAGGCTACGTGCAGGAGAGGACGATATTCTTCAAAGACGACGGCAATTACAAAACCCGCGCCGAGGTGAAGTTCGAGGGCGACACATTGGTGAACCGCATCGAGCTCAAGGGCATCGACTTCAAAGAGGACGGCAACATCCTGGGGCACAAACTGGAGTACAACTACAACAGCCACAACGTATATATCATGGCCGACAAGCAGAAAAACGGCATCAAAGTGAACTTCAAGATAAGGCACAACATAGAGGACGGTAGCGTGCAGCTCGCGGACCACTACCAGCAAAACACTCCCATTGGCGACGGGCCCGTGTTATTACCCGACAACCACTACTTAAGCACTCAGTCCGCCTTAAGCAAAGACCCCAACGAGAAGCGCGATCACATGGTCCTGCTGGAGTTTGTGACCGCAGCCGGGATTACTCTCGGCATGGACGAGCTGTACAAGTAG,0.0291666666666667,0.05,0.0541666666666667,0.00416666666666667,0.00416666666666667,0.0333333333333333,0.00416666666666667,0.025,0,0.0291666666666667,0.00833333333333333,0,0.0166666666666667,0.0208333333333333,0.025,0.0125,0.00416666666666667,0.0375,0.0291666666666667,0,0,0.0375,0.00416666666666667,0,0,0.0166666666666667,0,0,0,0.0166666666666667,0.0375,0,0.00416666666666667,0.0666666666666667,0.0625,0.00833333333333333,0.00416666666666667,0.0208333333333333,0.00833333333333333,0,0.00416666666666667,0.0541666666666667,0.025,0.00833333333333333,0.0125,0.00416666666666667,0.0583333333333333,0,0,0.0333333333333333,0.00416666666666667,0.0125,0,0.0125,0,0,0,0.00833333333333333,0.00416666666666667,0,0.025,0.0416666666666667,0.00833333333333333,0.00833333333333333,0.383333333333333,0.141666666666667,1.43609911480667
EGFP_9,ATGGTGAGCAAGGGCGAAGAACTGTTCACTGGGGTCGTGCCGATTTTAGTTGAGCTGGACGGGGATGTAAACGGTCATAAGTTCAGCGTATCCGGCGAGGGAGAAGGCGATGCGACGTATGGGAAGCTAACGCTGAAATTTATATGCACCACCGGCAAATTGCCGGTACCGTGGCCGACTCTAGTCACCACATTAACTTATGGCGTGCAGTGCTTTTCCAGGTATCCAGACCACATGAAGCAACACGACTTTTTCAAAAGCGCCATGCCCGAAGGGTACGTGCAAGAGCGTACCATATTCTTTAAGGACGACGGTAATTACAAAACCCGTGCTGAAGTGAAGTTTGAGGGCGACACCTTAGTAAACAGGATCGAGCTCAAAGGTATCGACTTCAAAGAGGACGGGAACATATTAGGGCACAAGTTAGAGTACAACTATAACAGCCATAACGTCTACATTATGGCCGACAAGCAGAAGAATGGCATCAAAGTAAACTTTAAAATCAGGCACAACATCGAGGATGGGAGTGTTCAATTGGCTGACCACTACCAGCAAAACACCCCCATTGGGGACGGGCCCGTGCTGCTGCCGGACAACCACTACTTATCTACTCAAAGTGCGCTGAGTAAAGATCCGAACGAAAAGCGTGATCACATGGTATTATTGGAGTTCGTTACTGCAGCTGGGATTACCTTAGGAATGGACGAACTGTACAAGTAG,0.0375,0.0458333333333333,0.0458333333333333,0.00833333333333333,0.00416666666666667,0.0333333333333333,0.00833333333333333,0.0208333333333333,0,0.0166666666666667,0.0125,0.0125,0.0125,0.0208333333333333,0.025,0.0166666666666667,0.0208333333333333,0.0291666666666667,0.0125,0.00833333333333333,0.00416666666666667,0.0125,0.025,0,0,0,0,0.0125,0.00833333333333333,0.00416666666666667,0.0291666666666667,0,0.0291666666666667,0.0541666666666667,0.0375,0.0208333333333333,0.00416666666666667,0.00833333333333333,0.00833333333333333,0.0125,0.00833333333333333,0.0291666666666667,0.0416666666666667,0.0125,0.025,0.0125,0.025,0.0125,0,0.0291666666666667,0.00416666666666667,0.0166666666666667,0,0.00833333333333333,0,0.00416666666666667,0,0.00833333333333333,0.00416666666666667,0,0.0333333333333333,0.025,0.0125,0.025,0.329166666666667,0.275,0.259386628818649
EGFP_10,ATGGTGAGCAAGGGAGAGGAGCTGTTCACCGGGGTGGTGCCCATTTTGGTTGAGTTAGACGGAGATGTAAACGGACACAAATTCAGCGTGAGCGGCGAAGGCGAGGGCGATGCGACTTATGGCAAGCTGACACTGAAGTTCATATGTACCACTGGAAAGCTGCCGGTGCCCTGGCCCACCCTCGTGACCACCTTAACTTACGGCGTGCAATGTTTCAGTCGCTACCCCGACCATATGAAACAGCACGACTTCTTCAAGTCCGCGATGCCCGAAGGCTACGTGCAGGAAAGGACGATATTCTTCAAGGATGACGGCAACTACAAGACCAGGGCGGAGGTGAAGTTCGAGGGGGACACTCTCGTGAACCGTATCGAGCTCAAGGGCATCGACTTTAAAGAAGATGGCAACATCCTGGGGCACAAACTGGAGTACAATTACAATTCCCACAACGTCTATATCATGGCTGACAAGCAGAAGAACGGCATCAAAGTGAACTTTAAAATAAGGCACAATATCGAGGACGGTAGCGTGCAGCTCGCGGACCACTACCAGCAGAACACTCCCATTGGCGACGGGCCCGTACTGTTACCCGACAACCACTACCTGAGCACGCAGTCCGCCTTGTCCAAGGACCCTAACGAGAAGAGGGACCACATGGTCCTGCTGGAGTTCGTGACCGCCGCGGGGATAACCCTCGGGATGGACGAATTATACAAATAG,0.0291666666666667,0.0416666666666667,0.0541666666666667,0.0125,0.00416666666666667,0.0333333333333333,0.00833333333333333,0.0208333333333333,0,0.0208333333333333,0.0166666666666667,0.00416666666666667,0.0166666666666667,0.025,0.025,0.00833333333333333,0.00416666666666667,0.0333333333333333,0.0291666666666667,0.00416666666666667,0,0.0333333333333333,0.00416666666666667,0.00416666666666667,0,0.00416666666666667,0,0.00416666666666667,0,0.0208333333333333,0.0416666666666667,0,0.0208333333333333,0.0583333333333333,0.0458333333333333,0.0166666666666667,0,0.00833333333333333,0.0208333333333333,0.00416666666666667,0.0166666666666667,0.0458333333333333,0.025,0.00416666666666667,0.00833333333333333,0.00833333333333333,0.0541666666666667,0.00416666666666667,0,0.0375,0.00416666666666667,0.00833333333333333,0,0.0166666666666667,0,0,0,0,0.00416666666666667,0.00833333333333333,0.0166666666666667,0.0416666666666667,0.00833333333333333,0.00833333333333333,0.375,0.183333333333333,1.03242147769238
EGFP_11,ATGGTGAGCAAGGGAGAGGAGCTGTTCACTGGGGTTGTACCGATTCTGGTGGAACTGGATGGAGATGTAAACGGACACAAATTCAGTGTGTCCGGCGAAGGGGAGGGGGATGCGACTTACGGCAAGCTGACACTGAAATTCATATGTACCACTGGCAAGCTTCCGGTGCCCTGGCCTACCCTCGTCACCACCCTTACCTACGGGGTGCAGTGTTTCAGTCGTTATCCGGATCACATGAAACAGCATGACTTCTTTAAGTCCGCGATGCCCGAAGGCTACGTCCAAGAGAGGACCATCTTCTTTAAGGATGATGGAAACTACAAAACAAGGGCGGAGGTTAAGTTCGAGGGCGACACTCTGGTGAACCGAATCGAACTGAAAGGGATCGACTTTAAGGAGGACGGAAACATACTGGGGCACAAGCTGGAGTATAACTACAATAGCCATAACGTCTACATAATGGCAGATAAGCAGAAGAACGGAATAAAGGTCAACTTCAAAATAAGGCACAATATTGAGGATGGTTCCGTGCAGCTCGCGGACCACTATCAGCAGAACACCCCGATTGGCGATGGGCCCGTTCTGTTACCCGATAACCATTATCTGAGCACACAGAGTGCGTTAAGTAAGGATCCCAATGAGAAGAGGGATCACATGGTACTGCTTGAGTTTGTTACCGCCGCGGGGATTACCCTGGGGATGGACGAACTGTATAAATAG,0.0291666666666667,0.0416666666666667,0.0541666666666667,0.0125,0.0125,0.0375,0,0.0166666666666667,0,0.0125,0.0166666666666667,0.0166666666666667,0.0208333333333333,0.0125,0.025,0.0166666666666667,0.00416666666666667,0.025,0.0291666666666667,0.0125,0,0.0208333333333333,0.0166666666666667,0.00416666666666667,0.00416666666666667,0,0,0.00416666666666667,0,0.00833333333333333,0.0583333333333333,0.0125,0.0208333333333333,0.025,0.0458333333333333,0.05,0.00416666666666667,0.00416666666666667,0.025,0,0.025,0.025,0.0375,0.00416666666666667,0.0125,0.0166666666666667,0.0291666666666667,0.0166666666666667,0,0.025,0.00416666666666667,0.0208333333333333,0,0.0125,0,0,0,0,0.00416666666666667,0.00833333333333333,0.00833333333333333,0.0333333333333333,0,0.0166666666666667,0.345833333333333,0.25,0.468148835738406
EGFP_12,ATGGTGTCTAAAGGCGAGGAGCTGTTCACCGGGGTGGTGCCTATCCTGGTCGAGCTGGACGGAGACGTAAACGGCCATAAATTCAGCGTGAGCGGCGAAGGCGAGGGTGATGCAACCTACGGGAAGTTGACCCTGAAATTCATCTGCACCACCGGCAAGCTGCCAGTGCCTTGGCCAACCCTCGTGACAACCCTTACCTATGGGGTACAGTGTTTTTCACGTTACCCGGACCATATGAAGCAGCACGACTTCTTCAAGTCCGCTATGCCCGAGGGCTATGTCCAGGAGCGCACCATCTTCTTCAAGGATGATGGCAACTATAAGACACGGGCCGAGGTGAAGTTCGAAGGTGACACCCTGGTTAATCGTATCGAGCTGAAGGGAATCGATTTCAAGGAGGACGGCAATATTCTGGGGCACAAGTTGGAGTACAACTACAATTCTCACAACGTATACATCATGGCTGACAAGCAGAAGAATGGCATCAAAGTAAATTTCAAGATCCGGCACAACATTGAGGACGGGAGTGTCCAGCTGGCAGACCACTACCAGCAGAACACACCAATCGGAGACGGCCCCGTTCTGCTACCGGATAACCACTACCTGTCGACCCAGTCCGCCCTGAGTAAAGATCCGAATGAGAAGCGCGACCATATGGTCCTCCTGGAGTTTGTGACCGCCGCCGGGATCACACTCGGCATGGACGAGCTGTACAAGTAG,0.0208333333333333,0.0291666666666667,0.0625,0.025,0.0166666666666667,0.05,0,0,0,0.00833333333333333,0,0.00833333333333333,0,0.0416666666666667,0.025,0.00833333333333333,0,0.025,0.0333333333333333,0.0125,0.0125,0.00833333333333333,0.0125,0.00833333333333333,0,0.00833333333333333,0.00833333333333333,0.00833333333333333,0.00416666666666667,0.0125,0.0583333333333333,0.00416666666666667,0.00833333333333333,0.05,0.0583333333333333,0.025,0.00833333333333333,0.0166666666666667,0,0.00833333333333333,0.0125,0.0458333333333333,0.025,0.00833333333333333,0.0166666666666667,0.0166666666666667,0.0333333333333333,0.00833333333333333,0,0.0333333333333333,0.00416666666666667,0.0125,0.00416666666666667,0.00833333333333333,0.00416666666666667,0.00833333333333333,0,0.00416666666666667,0.00416666666666667,0.00416666666666667,0,0.0416666666666667,0.00833333333333333,0.00833333333333333,0.445833333333333,0.154166666666667,1.5320136207722
EGFP_13,ATGGTCTCTAAGGGAGAAGAGCTTTTTACCGGAGTGGTCCCTATTCTGGTCGAACTGGACGGGGATGTCAATGGCCACAAGTTCTCCGTCTCCGGAGAAGGAGAAGGTGATGCTACATACGGAAAGCTGACCCTCAAGTTCATCTGTACCACCGGAAAGCTGCCTGTCCCCTGGCCTACCCTCGTGACCACCCTTACCTATGGAGTGCAGTGTTTCTCCCGCTACCCTGATCATATGAAGCAGCACGATTTCTTCAAGTCCGCAATGCCTGAGGGCTACGTCCAAGAACGAACGATCTTCTTCAAGGACGACGGAAATTACAAGACCCGTGCTGAGGTCAAATTCGAAGGTGATACCCTGGTCAATCGTATCGAGCTAAAGGGCATCGATTTCAAAGAAGATGGTAACATCCTGGGACATAAGCTGGAATACAACTACAATTCCCATAACGTTTACATCATGGCTGATAAGCAGAAAAATGGAATTAAGGTCAACTTCAAGATCCGTCACAACATCGAGGATGGATCTGTACAACTGGCTGATCACTACCAGCAAAATACCCCAATCGGAGATGGACCAGTGCTGTTGCCCGATAACCATTACCTGTCCACCCAGTCCGCTCTCTCCAAGGATCCTAATGAGAAGCGTGATCACATGGTCCTGCTGGAATTCGTCACGGCTGCAGGAATCACCCTTGGAATGGATGAGCTGTATAAGTAG,0.0125,0.025,0.0708333333333333,0.0291666666666667,0.00416666666666667,0.0541666666666667,0.00833333333333333,0,0,0,0,0,0,0.0416666666666667,0.025,0.00833333333333333,0.0125,0.0208333333333333,0.0208333333333333,0.0166666666666667,0.00833333333333333,0.00833333333333333,0,0.025,0.00416666666666667,0.00416666666666667,0,0.0166666666666667,0.00416666666666667,0.0125,0.0541666666666667,0.0125,0.0375,0.0125,0.0291666666666667,0.0625,0.00833333333333333,0,0,0.025,0.0625,0.0125,0.00416666666666667,0.0125,0.00416666666666667,0.05,0.0166666666666667,0.00416666666666667,0,0.0375,0.00416666666666667,0.00833333333333333,0,0.0333333333333333,0,0.00833333333333333,0,0,0.00416666666666667,0.00833333333333333,0,0.0458333333333333,0.00416666666666667,0.00416666666666667,0.516666666666667,0.1875,1.4623432140572
