codon,human_csc,mosquito_csc,zebrafish_csc,frog_csc,yeast_csc,fly_csc
AAA,-0.126257933333333,-0.165374894609212,-0.008674059,0.050391037,-0.192702703,-0.057368421
AAC,0.0451138266666667,0.0863821240882341,0.029539693,-0.001396628,0.078727273,0.048285714
AAG,-0.0227162033333333,0.0809115681488351,0.070370379,0.161339752,0.141090909,0.23
AAT,-0.0521624333333333,-0.0986739411068644,-0.033410625,-0.021971321,-0.149567568,-0.185263158
ACA,-0.0284036666666667,-0.0530006932368602,-0.013020127,0.005042411,-0.180378378,-0.109473684
ACC,0.04905102,0.126802912249401,0.029223265,0.009702488,0.158909091,0.169428571
ACG,0.0533641266666667,-0.0663385342753667,-0.024665118,-0.07068853,-0.205027027,-0.19
ACT,-0.120198133333333,-0.0168434030644516,-0.015257139,0.013060607,0.185636364,-0.014736842
AGA,-0.1014676,-0.0291743006616932,-0.027167598,-0.005124418,0.052,-0.066842105
AGC,-0.0346864333333333,-0.0553543130562107,-0.046921453,-0.143460785,-0.186540541,-0.133157895
AGG,-0.0457454666666667,-0.0873985122423425,-0.037522592,-0.018940629,-0.229675676,-0.043157895
AGT,-0.136706933333333,-0.138439512565751,-0.069758188,-0.05480898,-0.198864865,-0.175789474
ATA,-0.0389058,-0.144473143571114,-0.038174934,-0.064232172,-0.242,-0.152105263
ATC,0.14312648,0.125270615612865,0.047055753,0.044292259,0.15,0.118952381
ATG,0.136707413333333,0.0356536991057049,0.014829895,0.01859914,-0.050972973,-0.071578947
ATT,0.0167319366666667,-0.0602341370129555,0.025601273,0.030579256,0.060909091,-0.024210526
CAA,-0.0983746666666667,-0.0991257715389368,-0.056492002,-0.054317397,0.096545455,-0.137894737
CAC,-0.1095711,-0.0196239520287771,-0.048695599,-0.020632836,0.087636364,-0.033684211
CAG,0.00850654666666667,-0.0118469395692383,0.022472885,0.008365142,-0.168054054,-0.062105263
CAT,-0.174088566666667,-0.0746670854773492,-0.039268288,-0.073472907,-0.069459459,-0.123684211
CCA,-0.0378252,0.00281006380796322,0.026609905,0.046382545,0.194545455,-0.052631579
CCC,0.01083753,0.0451495266124702,0.051608976,-0.016816893,-0.087945946,0.139142857
CCG,-0.0368366333333333,-0.0102784268078718,-0.014881471,-0.033451318,-0.217351351,-0.161578947
CCT,-0.0495804,-0.0562543148549978,0.035279431,0.018289704,-0.014,0.06847619
CGA,-0.0120124333333333,-0.102291474577349,-0.021537973,-0.000218229,-0.235837838,-0.156842105
CGC,-0.062132,0.134148156780276,-0.011086572,0.037426585,-0.112594595,0.17952381
CGG,0.0667344066666667,-0.115967797438378,-0.03824833,-0.027363215,-0.143405405,-0.171052632
CGT,-0.0389102333333333,0.155830804977972,0.004841702,0.159493175,0.105454545,0.219904762
CTA,-0.0180649666666667,-0.0627184213495922,-0.013412415,-0.040162926,-0.161891892,-0.180526316
CTC,0.09029217,0.00314737652334419,-0.007492182,-0.057911138,-0.174216216,-0.047894737
CTG,0.122084703333333,0.0799598852821137,-0.008238284,-0.037932228,-0.211189189,-0.019473684
CTT,-0.0641507666666667,-0.0520056089759041,-0.022503806,0.002071656,-0.15572973,-0.104736842
GAA,-0.0507046333333333,-0.121063799551141,0.018446625,0.053805659,0.114363636,-0.1
GAC,0.10221857,-0.00458383862761151,0.065804592,-0.01231566,0.069818182,-0.01
GAG,0.0537203966666667,-0.0583881224211927,0.032446413,0.047771478,-0.124918919,0.018
GAT,0.0339287266666667,-0.100314212019429,0.051825295,0.06594556,-0.044810811,-0.095263158
GCA,0.0353554433333333,-0.0339809634339031,0.03358917,0.036355064,-0.075621622,-0.085789474
GCC,0.0734844066666667,0.17897776105295,0.049805135,0.033784928,0.203454545,0.199714286
GCG,-0.0237521,-0.0618776948361588,-0.061586322,-0.036145873,-0.106432432,-0.147368421
GCT,0.0234937633333333,0.0848149222333553,0.009358653,0.113001037,0.248,0.209809524
GGA,0.00406105666666667,0.118005469274061,0.058200971,0.040064035,-0.131081081,0.129047619
GGC,0.0309545066666667,0.12341526467042,0.05640034,0.036252485,-0.020162162,0.108857143
GGG,0.0458873266666667,-0.0675446976656659,0.009347454,-0.033086763,-0.094108108,-0.118947368
GGT,-0.000453206666666666,0.138870446099128,0.037209586,0.078945381,0.239090909,0.149238095
GTA,-0.0212510333333333,-0.0363509779912996,-0.012017672,0.064011951,-0.223513514,-0.081052632
GTC,0.1278281,0.158424082981843,0.017335932,0.0111239,0.230181818,0.189619048
GTG,0.137305863333333,0.0192716124753211,-0.032226291,-0.039595491,-0.10027027,0.098761905
GTT,-0.00715746,-0.00581195877094799,-0.035084207,0.040968978,0.212363636,0.078571429
TAC,0.0791173133333333,0.0786487222214858,0.044576045,-0.017557454,0.132181818,0.159333333
TAT,0.000234583333333334,-0.0564854041766154,0.006761508,-0.013977644,-0.081783784,-0.076315789
TCA,-0.129959233333333,-0.0750401250365538,-0.036490621,-0.046053102,-0.118756757,-0.166315789
TCC,-0.0242778666666667,0.0106531314741232,-0.014568343,-0.023956282,0.167818182,0.058380952
TCG,-0.0380251,-0.0121922558994318,-0.034856608,-0.065526564,-0.137243243,-0.142631579
TCT,-0.112755433333333,-0.0618102294121487,-0.047268562,-0.019773881,0.176727273,0.038190476
TGC,-0.00282285666666667,-0.00807380796719112,-0.078763648,-0.131724974,-0.063297297,-0.038421053
TGG,0.10488017,0.0542341040683668,-0.040366643,-0.059749343,-0.026324324,-0.028947368
TGT,-0.165457966666667,-0.0492911585752977,-0.098706895,-0.100732424,-0.032486486,-0.090526316
TTA,-0.0748496666666667,-0.0757594117747243,-0.068730121,-0.029202989,-0.038648649,0.028095238
TTC,0.118292153333333,0.0788768056783008,0.016213705,-0.064527987,0.123272727,0.088666667
TTG,-0.0186503,-0.0829115905575008,-0.047798481,-0.037455292,0.221272727,-0.128421053
TTT,-0.00518835,-0.0788024907058903,-0.003482347,-0.081470553,-0.057135135,-0.114210526
