codon,aa,endo_293T,endo_HeLa,endo_RPE,mean_endo_csc
AAA,Lys,-0.1547526,-0.0975177,-0.1265035,-0.126257933333333
AAC,Asn,0.03733677,0.04696341,0.0510413,0.0451138266666667
AAG,Lys,0.00268339,-0.0383274,-0.0325046,-0.0227162033333333
AAT,Asn,-0.0898715,-0.0309689,-0.0356469,-0.0521624333333333
ACA,Thr,-0.0671403,-0.0083581,-0.0097126,-0.0284036666666667
ACC,Thr,0.06684496,0.03309295,0.04721515,0.04905102
ACG,Thr,0.06642287,0.04336263,0.05030688,0.0533641266666667
ACT,Thr,-0.1518,-0.1035113,-0.1052831,-0.120198133333333
AGA,Arg,-0.1329471,-0.0721841,-0.0992716,-0.1014676
AGC,Ser,-0.0346418,-0.0210983,-0.0483192,-0.0346864333333333
AGG,Arg,-0.0455993,-0.0268211,-0.064816,-0.0457454666666667
AGT,Ser,-0.1702509,-0.1055397,-0.1343302,-0.136706933333333
ATA,Ile,-0.075158,-0.0257484,-0.015811,-0.0389058
ATC,Ile,0.16434781,0.11204706,0.15298457,0.14312648
ATG,Met,0.13991497,0.12678553,0.14342174,0.136707413333333
ATT,Ile,-0.0119732,0.02062727,0.04154174,0.0167319366666667
CAA,Gln,-0.1421986,-0.0636268,-0.0892986,-0.0983746666666667
CAC,His,-0.101652,-0.1028322,-0.1242291,-0.1095711
CAG,Gln,0.00976407,0.02797527,-0.0122197,0.00850654666666667
CAT,His,-0.2036468,-0.1506111,-0.1680078,-0.174088566666667
CCA,Pro,-0.0533028,-0.0183153,-0.0418575,-0.0378252
CCC,Pro,0.03661179,0.0124931,-0.0165923,0.01083753
CCG,Pro,-0.0209513,-0.0458279,-0.0437307,-0.0368366333333333
CCT,Pro,-0.0572647,-0.0363672,-0.0551093,-0.0495804
CGA,Arg,-0.0097049,-0.0128881,-0.0134443,-0.0120124333333333
CGC,Arg,-0.0214371,-0.1009535,-0.0640054,-0.062132
CGG,Arg,0.10150087,0.05956807,0.03913428,0.0667344066666667
CGT,Arg,-0.0240365,-0.0608025,-0.0318917,-0.0389102333333333
CTA,Leu,-0.0342942,-0.0148654,-0.0050353,-0.0180649666666667
CTC,Leu,0.11575234,0.06966722,0.08545695,0.09029217
CTG,Leu,0.16472391,0.0918057,0.1097245,0.122084703333333
CTT,Leu,-0.0820652,-0.0599386,-0.0504485,-0.0641507666666667
GAA,Glu,-0.0826054,-0.0171381,-0.0523704,-0.0507046333333333
GAC,Asp,0.11823396,0.10369798,0.08472377,0.10221857
GAG,Glu,0.07385058,0.0646435,0.02266711,0.0537203966666667
GAT,Asp,0.01113114,0.05018142,0.04047362,0.0339287266666667
GCA,Ala,0.02230043,0.03956702,0.04419888,0.0353554433333333
GCC,Ala,0.10966996,0.0483686,0.06241466,0.0734844066666667
GCG,Ala,-0.0096627,-0.0483984,-0.0131952,-0.0237521
GCT,Ala,0.03505943,0.00401463,0.03140723,0.0234937633333333
GGA,Gly,-0.0098196,0.01109635,0.01090642,0.00406105666666667
GGC,Gly,0.05661041,0.00621158,0.03004153,0.0309545066666667
GGG,Gly,0.06887007,0.03779978,0.03099213,0.0458873266666667
GGT,Gly,0.00594944,-0.0087193,0.00141024,-0.000453206666666666
GTA,Val,-0.0478759,-0.0117492,-0.004128,-0.0212510333333333
GTC,Val,0.15232083,0.10316765,0.12799582,0.1278281
GTG,Val,0.17375862,0.1019635,0.13619547,0.137305863333333
GTT,Val,-0.0260009,-0.0073098,0.01183832,-0.00715746
TAC,Tyr,0.09741789,0.05320883,0.08672522,0.0791173133333333
TAT,Tyr,-0.0241265,-0.0034985,0.02832875,0.000234583333333334
TCA,Ser,-0.1669011,-0.0929322,-0.1300444,-0.129959233333333
TCC,Ser,-0.0159949,-0.0208719,-0.0359668,-0.0242778666666667
TCG,Ser,-0.0382096,-0.0417541,-0.0341116,-0.0380251
TCT,Ser,-0.1423363,-0.0929497,-0.1029803,-0.112755433333333
TGC,Cys,0.00908543,-0.010292,-0.007262,-0.00282285666666667
TGG,Trp,0.11401853,0.08483203,0.11578995,0.10488017
TGT,Cys,-0.1811838,-0.1495304,-0.1656597,-0.165457966666667
TTA,Leu,-0.1097585,-0.0584428,-0.0563477,-0.0748496666666667
TTC,Phe,0.14045389,0.09077477,0.1236478,0.118292153333333
TTG,Leu,-0.0334436,-0.0216243,-0.000883,-0.0186503
TTT,Phe,-0.0259148,-0.0138709,0.02422065,-0.00518835
