codon,aa,human_rscu,mosquito_rscu,dengue_16681_rscu,human_rscu_fc,mosquito_rscu_fc
AAA,Lys,0.888729829007243,0.858931115521839,1.25345622119816,0.496094792614005,0.545297268813693
AAC,Asn,1.03737679653933,1.21087337464777,1.09489051094891,0.077846601751651,-0.145261397613136
AAG,Lys,1.11127017099276,1.14106888447816,0.746543778801843,-0.573910835635923,-0.612087116975488
AAT,Asn,0.96262320346067,0.78912662535223,0.905109489051095,-0.0888788767154229,0.197835504825131
ACA,Thr,1.14801642126222,0.679390418988159,2.0536398467433,0.839039915372435,1.5958704158271
ACC,Thr,1.38601629969625,1.38798663523048,0.812260536398467,-0.770929765825733,-0.772979218439043
ACG,Thr,0.447021058839571,1.24611987021597,0.490421455938697,0.133679300985441,-1.34534885132673
ACT,Thr,1.01894622020196,0.68650307556539,0.64367816091954,-0.662666482119751,-0.0929266626308317
AGA,Arg,1.29653611675596,0.666089427848194,3.35384615384615,1.37115411678829,2.33202872295502
AGC,Ser,1.43352726809085,1.2037488273304,1.0625,-0.432106506066355,-0.180071551372547
AGG,Arg,1.26594309994458,0.62655694559943,1.23076923076923,-0.040652279880029,0.974042739664599
AGT,Ser,0.913998104198041,0.968611156693428,0.875,-0.0629081559238043,-0.146634603394513
ATA,Ile,0.529132950315585,0.489874474618966,1.15909090909091,1.13129155776844,1.24250969765617
ATC,Ile,1.36567001132869,1.51311860521065,1.02272727272727,-0.417187447713012,-0.565103599381644
ATG,Met,1,1,1,0,0
ATT,Ile,1.10519703835572,0.997006920170386,0.818181818181818,-0.433810218410941,-0.285182040633049
CAA,Gln,0.540690327141659,0.817791484737505,1.2156862745098,1.16889651622181,0.571966022437646
CAC,His,1.14758262106841,1.14495297197712,0.835820895522388,-0.457332293686077,-0.454022610400326
CAG,Gln,1.45930967285834,1.18220851526249,0.784313725490196,-0.89578330997732,-0.591981764329078
CAT,His,0.852417378931586,0.855047028022884,1.16417910447761,0.449681116465419,0.44523735214763
CCA,Pro,1.10490928730463,1.03440920894687,2.35616438356164,1.09251226614006,1.18763317174569
CCC,Pro,1.28589379009325,0.782397023447999,0.73972602739726,-0.797708543213176,-0.0809098435393489
CCG,Pro,0.46720895884311,1.55827088344867,0.246575342465753,-0.922039401054675,-2.6598456048542
CCT,Pro,1.14198796375901,0.62492288415646,0.657534246575342,-0.79640950332836,0.0733878653685126
CGA,Arg,0.647247367448735,1.26301071927917,0.430769230769231,-0.587401988342703,-1.55187977442353
CGC,Arg,1.10100683539627,1.05345018230999,0.430769230769231,-1.35383631660491,-1.29013498164842
CGG,Arg,1.21530574542767,1.46271555072239,0.215384615384615,-2.49633220226874,-2.76366213176538
CGT,Arg,0.473960835026787,0.928177174240832,0.338461538461538,-0.485775948823348,-1.45540831865113
CTA,Leu,0.431632524380675,0.586789117639112,1.05095541401274,1.28382598134055,0.84078744463868
CTC,Leu,1.14483557056384,0.797089845888682,1.03184713375796,-0.14991114907417,0.372414998676476
CTG,Leu,2.35446908978814,2.29833345895081,1.31847133757962,-0.836535573999127,-0.801721921262198
CTT,Leu,0.806495908530434,0.642489330809607,0.573248407643312,-0.492506772074943,-0.164512054757958
GAA,Glu,0.863865682080125,1.10180974899964,1.36929460580913,0.664553960122141,0.313557744733191
GAC,Asp,1.05873625655534,0.937745607756816,1.18796992481203,0.166155070606647,0.341229807002363
GAG,Glu,1.13613431791988,0.898190251000364,0.630705394190871,-0.849095228352369,-0.510054791020999
GAT,Asp,0.941263743444655,1.06225439224318,0.81203007518797,-0.213065863259834,-0.387524242302508
GCA,Ala,0.917457221825409,0.81794413822444,1.625,0.824726921883642,0.990365495849847
GCC,Ala,1.59556783950809,1.41927068203243,1.17857142857143,-0.437030752363846,-0.268110567844246
GCG,Ala,0.437978944753269,0.882783230597095,0.285714285714286,-0.616288343046503,-1.62748605152701
GCT,Ala,1.04899599391323,0.88000194914603,0.910714285714286,-0.203938748399241,0.0494917955738215
GGA,Gly,1.00746677536414,1.38005578351359,2.29197080291971,1.18585640415826,0.73186208228137
GGC,Gly,1.35340531011866,1.03623351777536,0.554744525547445,-1.28669852363725,-0.901453724060294
GGG,Gly,0.992236776978722,0.55469167691941,0.72992700729927,-0.442932229608369,0.396066123538057
GGT,Gly,0.646891137538479,1.02901902179164,0.423357664233577,-0.611645940792881,-1.28132073905495
GTA,Val,0.483199512026322,0.585642364941278,0.497695852534562,0.0426453668919528,-0.234755556296955
GTC,Val,0.938088339657832,0.956462804069699,0.903225806451613,-0.0546370809855851,-0.082622158063885
GTG,Val,1.837144650178,1.47477505947732,1.67741935483871,-0.131221815798289,0.185748484007952
GTT,Val,0.741567498137841,0.983119771511708,0.921658986175115,0.313655038166393,-0.0931341357012429
TAA,Stp,0.841673748937659,1.17504154013637,0,-Inf,-Inf
TAC,Tyr,1.09431714204841,1.34807110896118,1.19444444444444,0.126308849722749,-0.174556845515108
TAG,Stp,0.664700294955757,0.797054947573483,3,2.1741866015277,1.91221141109258
TAT,Tyr,0.905682857951591,0.65192889103882,0.805555555555556,-0.169021863068449,0.305269477092286
TCA,Ser,0.924068637645778,0.625820094680492,2,1.1139280792704,1.67618011155548
TCC,Ser,1.27402908080777,1.18047191630467,0.875,-0.542043286665598,-0.432008797874121
TCG,Ser,0.328866249813189,1.47816744638229,0.28125,-0.225647861598747,-2.39388470537742
TCT,Ser,1.12551065944436,0.543180558608711,0.90625,-0.31259872515157,0.738477246111117
TGA,Stp,1.49362595610658,1.02790351229015,0,-Inf,-Inf
TGC,Cys,1.06841459663301,1.16176784570493,1.08771929824561,0.0258347049659359,-0.0950155097732795
TGG,Trp,1,1,1,0,0
TGT,Cys,0.931585403366993,0.838232154295068,0.912280701754386,-0.0302102358600016,0.122127935051711
TTA,Leu,0.477693083735007,0.333015260390817,0.802547770700637,0.748503280552163,1.26899897932913
TTC,Phe,1.06136801379671,1.34882927005406,1.1,0.0515785474006845,-0.294204224955615
TTG,Leu,0.784873823001906,1.34228298632097,1.22292993630573,0.639809102981019,-0.134347107430571
TTT,Phe,0.93863198620329,0.651170729945936,0.9,-0.0606346231584468,0.466889149367171
