host,set,mut_aa,mutcodon,mean_wrel,mean_wrel_lower,mean_wrel_upper,mutcodon_csc,mutcodon_rscu_fc,fitness_class
Human,A,Ala,GCA,1.35178007879539,0.388607949017563,2.83097798911222,0.0353554433333333,0.824726921883642,neutral
Human,A,Ala,GCC,1.27056626949135,0.343314880380931,2.50531758150267,0.0734844066666667,-0.437030752363846,neutral
Human,A,Ala,GCG,1.65091729504716,0.238751503711729,3.46756736914669,-0.0237521,-0.616288343046503,neutral
Human,A,Ala,GCT,1.05400020020656,0.31715536534166,2.116510047596,0.0234937633333333,-0.203938748399241,neutral
Human,A,Cys,TGC,1.20300612692308,0.694908023076923,1.94940196153846,-0.00282285666666667,0.0258347049659359,neutral
Human,A,Cys,TGT,0.538062225806452,0.236816328580645,0.989159180645161,-0.165457966666667,-0.0302102358600016,deleterious
Human,A,Asp,GAC,1.18440243518519,0.665605731481481,1.85853098148148,0.10221857,0.166155070606647,neutral
Human,A,Asp,GAT,0.541517272531646,0.202242180607595,0.925734350506329,0.0339287266666667,-0.213065863259834,deleterious
Human,A,Glu,GAA,1.13536239263329,0.547271746865486,1.91667680375261,-0.0507046333333333,0.664553960122141,neutral
Human,A,Glu,GAG,0.817635724787879,0.335550804121212,1.41948880727273,0.0537203966666667,-0.849095228352369,neutral
Human,A,Phe,TTC,1.16553570666667,0.628634057777778,1.87119208666667,0.118292153333333,0.0515785474006845,neutral
Human,A,Phe,TTT,0.497643143130106,0.218421125676816,0.865129091180441,-0.00518835,-0.0606346231584468,deleterious
Human,A,Gly,GGA,1.3429526655115,0.418563355012809,2.55171652172069,0.00406105666666667,1.18585640415826,neutral
Human,A,Gly,GGC,1.23401444805566,0.281935285185339,2.49607192594425,0.0309545066666667,-1.28669852363725,neutral
Human,A,Gly,GGG,1.03557473230732,0.269144696772725,2.07455353548065,0.0458873266666667,-0.442932229608369,neutral
Human,A,Gly,GGT,0.900978884180204,0.168908167653061,1.96603575614045,-0.000453206666666666,-0.611645940792881,neutral
Human,A,His,CAC,1.04910756410256,0.631146883589744,1.50512191282051,-0.1095711,-0.457332293686077,neutral
Human,A,His,CAT,0.555193833928571,0.2806645975,0.885364128571429,-0.174088566666667,0.449681116465419,deleterious
Human,A,Ile,ATA,1.40772685821198,0.344254870547743,2.76167325486596,-0.0389058,1.13129155776844,neutral
Human,A,Ile,ATC,1.15392071127454,0.364660806422751,2.63781633307088,0.14312648,-0.417187447713012,neutral
Human,A,Ile,ATT,0.905551816885803,0.281372274238639,1.67679506753872,0.0167319366666667,-0.433810218410941,neutral
Human,A,Lys,AAA,1.21016532414398,0.554177011796802,2.06332111735852,-0.126257933333333,0.496094792614005,neutral
Human,A,Lys,AAG,0.870924670511077,0.386307833220471,1.45506542811382,-0.0227162033333333,-0.573910835635923,neutral
Human,A,Leu,CTA,1.27421383209297,0.454224363893341,2.35574905180744,-0.0180649666666667,1.28382598134055,neutral
Human,A,Leu,CTC,1.07343126845733,0.291770725349376,2.24768547715106,0.09029217,-0.14991114907417,neutral
Human,A,Leu,CTG,1.14108517719004,0.377371557589577,2.26220467786472,0.122084703333333,-0.836535573999127,neutral
Human,A,Leu,CTT,1.05771034441416,0.249583892794951,2.02473607575496,-0.0641507666666667,-0.492506772074943,neutral
Human,A,Leu,TTA,0.873391805433048,0.316038735051869,1.53220638584501,-0.0748496666666667,0.748503280552163,neutral
Human,A,Leu,TTG,0.708486015726904,0.340080392122254,1.12876021262102,-0.0186503,0.639809102981019,neutral
Human,A,Asn,AAC,1.0158675741362,0.557462045517992,1.72412259517376,0.0451138266666667,0.077846601751651,neutral
Human,A,Asn,AAT,0.497134301516318,0.192034018786667,0.874907813505716,-0.0521624333333333,-0.0888788767154229,deleterious
Human,A,Pro,CCA,1.44574811020795,0.415986732515867,2.70484362759017,-0.0378252,1.09251226614006,neutral
Human,A,Pro,CCC,0.950243312185171,0.292581209543947,1.7324009592659,0.01083753,-0.797708543213176,neutral
Human,A,Pro,CCG,1.19323799647257,0.241732626347899,2.53656804684132,-0.0368366333333333,-0.922039401054675,neutral
Human,A,Pro,CCT,1.1411196633291,0.281567075773312,2.32933009073122,-0.0495804,-0.79640950332836,neutral
Human,A,Gln,CAA,1.1097323517416,0.49431214360013,2.11644008983876,-0.0983746666666667,1.16889651622181,neutral
Human,A,Gln,CAG,0.796902854690696,0.365066482363555,1.40053445858556,0.00850654666666667,-0.89578330997732,neutral
Human,A,Arg,AGA,1.8509004864156,0.548319256753034,3.38023966829541,-0.1014676,1.37115411678829,neutral
Human,A,Arg,AGG,0.871682655616535,0.280253348980802,2.07429949971808,-0.0457454666666667,-0.040652279880029,neutral
Human,A,Arg,CGA,0.943936641587038,0.208108460068587,1.96123036354419,-0.0120124333333333,-0.587401988342703,neutral
Human,A,Arg,CGC,1.43234402861098,0.352656253463219,2.85493194105226,-0.062132,-1.35383631660491,neutral
Human,A,Arg,CGG,0.871219893461339,0.193509790890528,2.19803133408383,0.0667344066666667,-2.49633220226874,neutral
Human,A,Arg,CGT,0.731132881860889,0.177470272034491,1.29253681530576,-0.0389102333333333,-0.485775948823348,neutral
Human,A,Ser,AGC,1.17517333928571,0.685714889285714,2.05332354285714,-0.0346864333333333,-0.432106506066355,neutral
Human,A,Ser,AGT,0.461128688235294,0.185711201264706,0.786550305882353,-0.136706933333333,-0.0629081559238043,deleterious
Human,A,Ser,TCA,1.22984762272639,0.354186040568779,2.96058876218914,-0.129959233333333,1.1139280792704,neutral
Human,A,Ser,TCC,0.925502526609514,0.300512244205692,2.0215608689752,-0.0242778666666667,-0.542043286665598,neutral
Human,A,Ser,TCG,1.01408515736291,0.235849354512811,2.00502816178598,-0.0380251,-0.225647861598747,neutral
Human,A,Ser,TCT,0.996285864416097,0.220059534670742,1.97701425456503,-0.112755433333333,-0.31259872515157,neutral
Human,A,Thr,ACA,1.34470269625778,0.433930537228346,2.58551794700375,-0.0284036666666667,0.839039915372435,neutral
Human,A,Thr,ACC,0.870895770686834,0.280759204688434,1.69747294894271,0.04905102,-0.770929765825733,neutral
Human,A,Thr,ACG,1.07188979609336,0.262559327556719,2.36205333931286,0.0533641266666667,0.133679300985441,neutral
Human,A,Thr,ACT,1.11826953449639,0.26025737127139,2.20881773625794,-0.120198133333333,-0.662666482119751,neutral
Human,A,Val,GTA,1.30807952634033,0.387358419483053,2.5764381831409,-0.0212510333333333,0.0426453668919528,neutral
Human,A,Val,GTC,1.07494178943046,0.346724980464338,2.18585365611882,0.1278281,-0.0546370809855851,neutral
Human,A,Val,GTG,1.15767029692989,0.262056822670297,2.45533813992139,0.137305863333333,-0.131221815798289,neutral
Human,A,Val,GTT,1.08236291962295,0.295651071416101,2.16978592826365,-0.00715746,0.313655038166393,neutral
Human,A,Tyr,TAC,1.11020145172414,0.683807955172414,1.7298114137931,0.0791173133333333,0.126308849722749,neutral
Human,A,Tyr,TAT,0.531319414186047,0.22055432604186,0.872797895348837,0.000234583333333334,-0.169021863068449,deleterious
Human,B,Ala,GCA,1.42387616373982,0.37555117462238,2.90499373336743,0.0353554433333333,0.824726921883642,neutral
Human,B,Ala,GCC,1.03772547933384,0.358919302537995,1.92840114654059,0.0734844066666667,-0.437030752363846,neutral
Human,B,Ala,GCG,1.36919156520575,0.232187057763366,2.92240186794009,-0.0237521,-0.616288343046503,neutral
Human,B,Ala,GCT,0.787272437578946,0.296549051525251,1.55742472118256,0.0234937633333333,-0.203938748399241,neutral
Human,B,Cys,TGC,1.15401843076923,0.746566938461538,1.78792415,-0.00282285666666667,0.0258347049659359,neutral
Human,B,Cys,TGT,0.409322412903226,0.225621166129032,0.675126896774194,-0.165457966666667,-0.0302102358600016,deleterious
Human,B,Asp,GAC,1.17019687777778,0.667213036111111,1.99986263888889,0.10221857,0.166155070606647,neutral
Human,B,Asp,GAT,0.360085968846154,0.168837553717949,0.59779481025641,0.0339287266666667,-0.213065863259834,deleterious
Human,B,Glu,GAA,1.1313594361402,0.570045583047544,1.83740968441541,-0.0507046333333333,0.664553960122141,neutral
Human,B,Glu,GAG,0.873226301818182,0.397501750181818,1.44664212484848,0.0537203966666667,-0.849095228352369,neutral
Human,B,Phe,TTC,1.22531958888889,0.680813106355556,1.83462586888889,0.118292153333333,0.0515785474006845,neutral
Human,B,Phe,TTT,0.313379194040681,0.156649712005516,0.528084298746722,-0.00518835,-0.0606346231584468,deleterious
Human,B,Gly,GGA,1.31337744718516,0.468933048842876,2.52850490906851,0.00406105666666667,1.18585640415826,neutral
Human,B,Gly,GGC,1.05203163656917,0.22384202560607,2.48195420332325,0.0309545066666667,-1.28669852363725,neutral
Human,B,Gly,GGG,0.877338277923863,0.232043764193361,1.84219161535525,0.0458873266666667,-0.442932229608369,neutral
Human,B,Gly,GGT,0.786144499675815,0.151008256669844,1.89823885688878,-0.000453206666666666,-0.611645940792881,neutral
Human,B,His,CAC,1.16517666666667,0.657896995897436,1.77024348974359,-0.1095711,-0.457332293686077,neutral
Human,B,His,CAT,0.41459805,0.240833561428571,0.58600086,-0.174088566666667,0.449681116465419,deleterious
Human,B,Ile,ATA,1.12041625495286,0.33126212685397,2.33568404726784,-0.0389058,1.13129155776844,neutral
Human,B,Ile,ATC,0.898500334459177,0.37632771659661,1.8842677515457,0.14312648,-0.417187447713012,neutral
Human,B,Ile,ATT,0.742833284228007,0.219517300801653,1.58028779498226,0.0167319366666667,-0.433810218410941,neutral
Human,B,Lys,AAA,1.11004568618985,0.507260619959923,1.88424865307769,-0.126257933333333,0.496094792614005,neutral
Human,B,Lys,AAG,0.903894231218919,0.42679414865653,1.47048655629678,-0.0227162033333333,-0.573910835635923,neutral
Human,B,Leu,CTA,1.23491628142129,0.426953527240477,2.64405422445547,-0.0180649666666667,1.28382598134055,neutral
Human,B,Leu,CTC,0.904898751942409,0.285921940505145,2.03476131614423,0.09029217,-0.14991114907417,neutral
Human,B,Leu,CTG,1.07166957563226,0.398342622382635,2.07941352711974,0.122084703333333,-0.836535573999127,neutral
Human,B,Leu,CTT,0.681691855046264,0.197883562020735,1.44532494793051,-0.0641507666666667,-0.492506772074943,neutral
Human,B,Leu,TTA,0.703087804139523,0.304918044371154,1.29207019493197,-0.0748496666666667,0.748503280552163,neutral
Human,B,Leu,TTG,0.607389763648873,0.322990030068849,0.980854882890578,-0.0186503,0.639809102981019,deleterious
Human,B,Asn,AAC,1.22453548500607,0.618305473039545,1.92422767804246,0.0451138266666667,0.077846601751651,neutral
Human,B,Asn,AAT,0.294847464107819,0.12781826288,0.489617817634656,-0.0521624333333333,-0.0888788767154229,deleterious
Human,B,Pro,CCA,1.19558494192081,0.401192185372935,2.16332550765205,-0.0378252,1.09251226614006,neutral
Human,B,Pro,CCC,0.805418944233827,0.255773266745017,1.74137101783606,0.01083753,-0.797708543213176,neutral
Human,B,Pro,CCG,1.03946143179592,0.245939435948235,2.14245421514388,-0.0368366333333333,-0.922039401054675,neutral
Human,B,Pro,CCT,0.818292599465837,0.254205141282484,1.76940612041309,-0.0495804,-0.79640950332836,neutral
Human,B,Gln,CAA,1.07410245857606,0.472392694904519,1.94340454132463,-0.0983746666666667,1.16889651622181,neutral
Human,B,Gln,CAG,0.874525780806782,0.416942024386605,1.35281630456281,0.00850654666666667,-0.89578330997732,neutral
Human,B,Arg,AGA,1.28409153512129,0.492764463936825,2.32848066480581,-0.1014676,1.37115411678829,neutral
Human,B,Arg,AGG,0.899716788497925,0.31344968577297,1.70237931035735,-0.0457454666666667,-0.040652279880029,neutral
Human,B,Arg,CGA,0.972847846750371,0.229650664587042,2.18583546196168,-0.0120124333333333,-0.587401988342703,neutral
Human,B,Arg,CGC,1.12703847869701,0.325188537581838,2.05931853925299,-0.062132,-1.35383631660491,neutral
Human,B,Arg,CGG,1.13961633051079,0.194367483065676,2.60932546405354,0.0667344066666667,-2.49633220226874,neutral
Human,B,Arg,CGT,0.754971362715244,0.208296781414189,1.46986779894085,-0.0389102333333333,-0.485775948823348,neutral
Human,B,Ser,AGC,1.23168582142857,0.5712470925,1.95587060714286,-0.0346864333333333,-0.432106506066355,neutral
Human,B,Ser,AGT,0.324477452941176,0.138551626470588,0.589935714705882,-0.136706933333333,-0.0629081559238043,deleterious
Human,B,Ser,TCA,1.09550916164486,0.347297242257228,2.69522520792722,-0.129959233333333,1.1139280792704,neutral
Human,B,Ser,TCC,0.771205082790177,0.308566581237789,1.95403053871314,-0.0242778666666667,-0.542043286665598,neutral
Human,B,Ser,TCG,1.03750015197366,0.198884385460163,2.42136510269163,-0.0380251,-0.225647861598747,neutral
Human,B,Ser,TCT,0.855896704422468,0.203367267194394,1.85454731562635,-0.112755433333333,-0.31259872515157,neutral
Human,B,Thr,ACA,1.31962291703222,0.381725376975119,2.66946661751989,-0.0284036666666667,0.839039915372435,neutral
Human,B,Thr,ACC,0.774800550377005,0.251971469895757,1.72224705607008,0.04905102,-0.770929765825733,neutral
Human,B,Thr,ACG,0.882025943387228,0.246772555255375,2.32455837042223,0.0533641266666667,0.133679300985441,neutral
Human,B,Thr,ACT,0.926108862634113,0.221115540250132,1.93864077892227,-0.120198133333333,-0.662666482119751,neutral
Human,B,Val,GTA,1.21579263174735,0.350667055672077,2.5031262370002,-0.0212510333333333,0.0426453668919528,neutral
Human,B,Val,GTC,0.914288254916065,0.322954583948186,1.96947292292137,0.1278281,-0.0546370809855851,neutral
Human,B,Val,GTG,1.18556909533251,0.29209616826386,2.72511856561528,0.137305863333333,-0.131221815798289,neutral
Human,B,Val,GTT,0.720544090231837,0.235717406651069,1.66500874892945,-0.00715746,0.313655038166393,neutral
Human,B,Tyr,TAC,1.15421944482759,0.705906020689655,1.83640499310345,0.0791173133333333,0.126308849722749,neutral
Human,B,Tyr,TAT,0.355987333023256,0.171769097906977,0.562099274418605,0.000234583333333334,-0.169021863068449,deleterious
Mosquito,A,Ala,GCA,1.42204793345023,0.341055523012783,3.14796628095146,-0.0339809634339031,0.990365495849847,neutral
Mosquito,A,Ala,GCC,1.20373994928688,0.321603652763182,2.45202027645017,0.17897776105295,-0.268110567844246,neutral
Mosquito,A,Ala,GCG,1.14810238836978,0.281966258269231,2.78622753149412,-0.0618776948361588,-1.62748605152701,neutral
Mosquito,A,Ala,GCT,1.26602128446035,0.260544135940223,2.67480983693234,0.0848149222333553,0.0494917955738215,neutral
Mosquito,A,Cys,TGC,1.28615681923077,0.604116603846154,2.05568841923077,-0.00807380796719112,-0.0950155097732795,neutral
Mosquito,A,Cys,TGT,0.507472858064516,0.255469835806452,0.853571323225806,-0.0492911585752977,0.122127935051711,deleterious
Mosquito,A,Asp,GAC,1.10286912962963,0.630962437037037,1.82659045555556,-0.00458383862761151,0.341229807002363,neutral
Mosquito,A,Asp,GAT,0.418882978227848,0.249603729620253,0.689226837468354,-0.100314212019429,-0.387524242302508,deleterious
Mosquito,A,Glu,GAA,1.2609133871184,0.530977922092665,2.22249242709271,-0.121063799551141,0.313557744733191,neutral
Mosquito,A,Glu,GAG,0.957637613454545,0.377575871878788,1.76175388363636,-0.0583881224211927,-0.510054791020999,neutral
Mosquito,A,Phe,TTC,1.07995453555556,0.552961507777778,1.79818058888889,0.0788768056783008,-0.294204224955615,neutral
Mosquito,A,Phe,TTT,0.567187944124734,0.320524885313555,0.862583066684676,-0.0788024907058903,0.466889149367171,deleterious
Mosquito,A,Gly,GGA,1.31473158607992,0.32950902710449,2.73078925205024,0.118005469274061,0.73186208228137,neutral
Mosquito,A,Gly,GGC,1.11579864895321,0.202929285582111,2.52367028527672,0.12341526467042,-0.901453724060294,neutral
Mosquito,A,Gly,GGG,1.11315702619149,0.210475055120948,2.5834386833457,-0.0675446976656659,0.396066123538057,neutral
Mosquito,A,Gly,GGT,0.797401454591536,0.097058592384635,1.85476583828986,0.138870446099128,-1.28132073905495,neutral
Mosquito,A,His,CAC,1.1047721974359,0.683356297435897,1.70166554358974,-0.0196239520287771,-0.454022610400326,neutral
Mosquito,A,His,CAT,0.528292123785714,0.279771931071429,0.888214789285714,-0.0746670854773492,0.44523735214763,deleterious
Mosquito,A,Ile,ATA,1.05562395117552,0.300672476622637,2.44167749999791,-0.144473143571114,1.24250969765617,neutral
Mosquito,A,Ile,ATC,0.926397893686236,0.326687193412572,2.16031215508287,0.125270615612865,-0.565103599381644,neutral
Mosquito,A,Ile,ATT,1.10939239687846,0.285017401629329,2.54748517197769,-0.0602341370129555,-0.285182040633049,neutral
Mosquito,A,Lys,AAA,1.12693559911565,0.523474192088554,2.07138593614386,-0.165374894609212,0.545297268813693,neutral
Mosquito,A,Lys,AAG,0.960448492059477,0.388305189932253,1.68481379284518,0.0809115681488351,-0.612087116975488,neutral
Mosquito,A,Leu,CTA,1.18376621921644,0.372020239438054,2.43247910465161,-0.0627184213495922,0.84078744463868,neutral
Mosquito,A,Leu,CTC,0.957953094189383,0.234841353197726,2.26028196756313,0.00314737652334419,0.372414998676476,neutral
Mosquito,A,Leu,CTG,1.33478360829225,0.35180811730046,2.80621501116395,0.0799598852821137,-0.801721921262198,neutral
Mosquito,A,Leu,CTT,0.889762995265608,0.248992291687481,1.75722678543302,-0.0520056089759041,-0.164512054757958,neutral
Mosquito,A,Leu,TTA,0.914177388918031,0.31035624928197,1.72160408918728,-0.0757594117747243,1.26899897932913,neutral
Mosquito,A,Leu,TTG,0.821935113582144,0.370304832077893,1.4077386543208,-0.0829115905575008,-0.134347107430571,neutral
Mosquito,A,Asn,AAC,1.12915016628941,0.569685370810374,1.87620824728449,0.0863821240882341,-0.145261397613136,neutral
Mosquito,A,Asn,AAT,0.456420643455001,0.250517676920795,0.767047218167491,-0.0986739411068644,0.197835504825131,deleterious
Mosquito,A,Pro,CCA,1.27233279688366,0.362353584666667,2.47572499782549,0.00281006380796322,1.18763317174569,neutral
Mosquito,A,Pro,CCC,0.8773614425952,0.213993340084034,2.07728432995845,0.0451495266124702,-0.0809098435393489,neutral
Mosquito,A,Pro,CCG,1.11178976327218,0.291357710901737,2.68540258305897,-0.0102784268078718,-2.6598456048542,neutral
Mosquito,A,Pro,CCT,1.22701500786561,0.199469503540984,2.95966444889677,-0.0562543148549978,0.0733878653685126,neutral
Mosquito,A,Gln,CAA,1.23680951236057,0.350740828680369,2.65564962260041,-0.0991257715389368,0.571966022437646,neutral
Mosquito,A,Gln,CAG,1.02931556550417,0.436718349188047,1.7227211096087,-0.0118469395692383,-0.591981764329078,neutral
Mosquito,A,Arg,AGA,1.09364209299708,0.460628586178698,1.99042084679968,-0.0291743006616932,2.33202872295502,neutral
Mosquito,A,Arg,AGG,0.861989385927752,0.300538134128441,1.67736355800891,-0.0873985122423425,0.974042739664599,neutral
Mosquito,A,Arg,CGA,0.973745034007854,0.18754002722368,2.24120390929645,-0.102291474577349,-1.55187977442353,neutral
Mosquito,A,Arg,CGC,0.937722642458535,0.358491910282034,1.87638730344582,0.134148156780276,-1.29013498164842,neutral
Mosquito,A,Arg,CGG,1.05613974388146,0.169968781706212,2.56958952337692,-0.115967797438378,-2.76366213176538,neutral
Mosquito,A,Arg,CGT,0.70358975772061,0.119392248234684,1.80121701809848,0.155830804977972,-1.45540831865113,neutral
Mosquito,A,Ser,AGC,1.27647795,0.640457892857143,2.29138496428571,-0.0553543130562107,-0.180071551372547,neutral
Mosquito,A,Ser,AGT,0.469726863108824,0.288264478235294,0.725985179411765,-0.138439512565751,-0.146634603394513,deleterious
Mosquito,A,Ser,TCA,1.14648115630944,0.278181752868733,2.35853663441578,-0.0750401250365538,1.67618011155548,neutral
Mosquito,A,Ser,TCC,1.21456283819427,0.224431255882353,2.45045581462669,0.0106531314741232,-0.432008797874121,neutral
Mosquito,A,Ser,TCG,0.921477027927093,0.204227963272039,1.95103553046061,-0.0121922558994318,-2.39388470537742,neutral
Mosquito,A,Ser,TCT,0.903465013508166,0.160284189520915,2.04836960898484,-0.0618102294121487,0.738477246111117,neutral
Mosquito,A,Thr,ACA,1.22762008576236,0.340298646220472,2.44575077736403,-0.0530006932368602,1.5958704158271,neutral
Mosquito,A,Thr,ACC,0.848840895742884,0.238390705824841,1.69346051737417,0.126802912249401,-0.772979218439043,neutral
Mosquito,A,Thr,ACG,1.23919946410458,0.271632588438845,3.40296637468343,-0.0663385342753667,-1.34534885132673,neutral
Mosquito,A,Thr,ACT,0.865367137525412,0.205479701370868,2.07210129972583,-0.0168434030644516,-0.0929266626308317,neutral
Mosquito,A,Val,GTA,1.15164509362624,0.313745282590212,2.35896463740945,-0.0363509779912996,-0.234755556296955,neutral
Mosquito,A,Val,GTC,0.895954383065212,0.270254171386423,1.763571082282,0.158424082981843,-0.082622158063885,neutral
Mosquito,A,Val,GTG,1.2253615281812,0.197691318481351,3.16133289584771,0.0192716124753211,0.185748484007952,neutral
Mosquito,A,Val,GTT,0.744829204875891,0.266724393449675,1.48570594501855,-0.00581195877094799,-0.0931341357012429,neutral
Mosquito,A,Tyr,TAC,1.10460810344828,0.573755034482759,2.47501194482759,0.0786487222214858,-0.174556845515108,neutral
Mosquito,A,Tyr,TAT,0.567912827906977,0.334253686116279,0.812607537209302,-0.0564854041766154,0.305269477092286,deleterious
Mosquito,B,Ala,GCA,1.36528395154783,0.408810795871991,2.56383668948708,-0.0339809634339031,0.990365495849847,neutral
Mosquito,B,Ala,GCC,1.32194001846425,0.426205005145243,2.93497580729862,0.17897776105295,-0.268110567844246,neutral
Mosquito,B,Ala,GCG,1.31489256378918,0.315875598691971,2.84380929005649,-0.0618776948361588,-1.62748605152701,neutral
Mosquito,B,Ala,GCT,1.2412908704688,0.337672049461182,2.47976860858352,0.0848149222333553,0.0494917955738215,neutral
Mosquito,B,Cys,TGC,1.35451556538462,0.722241546153846,2.18695734615385,-0.00807380796719112,-0.0950155097732795,neutral
Mosquito,B,Cys,TGT,0.446435588620645,0.261771170322581,0.672552837680968,-0.0492911585752977,0.122127935051711,deleterious
Mosquito,B,Asp,GAC,1.25971526666667,0.72814555,1.81814961851852,-0.00458383862761151,0.341229807002363,neutral
Mosquito,B,Asp,GAT,0.397679178076923,0.252596947179487,0.581080599358974,-0.100314212019429,-0.387524242302508,deleterious
Mosquito,B,Glu,GAA,1.24292727189888,0.669470343310775,2.15197619084082,-0.121063799551141,0.313557744733191,neutral
Mosquito,B,Glu,GAG,0.908191098060606,0.388674357295758,1.57025648248485,-0.0583881224211927,-0.510054791020999,neutral
Mosquito,B,Phe,TTC,1.21244224444444,0.741428326444444,1.8101319,0.0788768056783008,-0.294204224955615,neutral
Mosquito,B,Phe,TTT,0.426615895796927,0.281617790704017,0.643054471178908,-0.0788024907058903,0.466889149367171,deleterious
Mosquito,B,Gly,GGA,1.40117343853348,0.46699769030523,2.68159981730089,0.118005469274061,0.73186208228137,neutral
Mosquito,B,Gly,GGC,1.16578392980084,0.280083214637042,2.50853403096091,0.12341526467042,-0.901453724060294,neutral
Mosquito,B,Gly,GGG,1.04130791190119,0.322341780721206,2.05560816846031,-0.0675446976656659,0.396066123538057,neutral
Mosquito,B,Gly,GGT,0.784315712231548,0.1619209809409,2.40294849803658,0.138870446099128,-1.28132073905495,neutral
Mosquito,B,His,CAC,1.1953988,0.794651558974359,1.60059981538462,-0.0196239520287771,-0.454022610400326,neutral
Mosquito,B,His,CAT,0.491805246428571,0.320038422857143,0.688886057142857,-0.0746670854773492,0.44523735214763,deleterious
Mosquito,B,Ile,ATA,1.0804763569645,0.381530861449131,2.18756853064805,-0.144473143571114,1.24250969765617,neutral
Mosquito,B,Ile,ATC,1.00159204646675,0.415698483965711,1.78440740907778,0.125270615612865,-0.565103599381644,neutral
Mosquito,B,Ile,ATT,1.07919630486259,0.298874639762535,2.1672400041338,-0.0602341370129555,-0.285182040633049,neutral
Mosquito,B,Lys,AAA,1.22151755943318,0.599611208757354,1.98123838833051,-0.165374894609212,0.545297268813693,neutral
Mosquito,B,Lys,AAG,0.916399513151387,0.467835297886347,1.49893199352396,0.0809115681488351,-0.612087116975488,neutral
Mosquito,B,Leu,CTA,1.25408324163702,0.503158020258074,2.28416965318016,-0.0627184213495922,0.84078744463868,neutral
Mosquito,B,Leu,CTC,1.11725650019422,0.31733405793304,2.38997455574869,0.00314737652334419,0.372414998676476,neutral
Mosquito,B,Leu,CTG,1.13995703574491,0.446716782833954,2.05240205175376,0.0799598852821137,-0.801721921262198,neutral
Mosquito,B,Leu,CTT,0.911362980795416,0.265489420230376,1.73188535613203,-0.0520056089759041,-0.164512054757958,neutral
Mosquito,B,Leu,TTA,0.866227745018302,0.37231840952534,1.49361904391389,-0.0757594117747243,1.26899897932913,neutral
Mosquito,B,Leu,TTG,0.675162047572069,0.41451987781586,0.956733470637523,-0.0829115905575008,-0.134347107430571,deleterious
Mosquito,B,Asn,AAC,1.16317457195934,0.71266142735768,1.77479658069317,0.0863821240882341,-0.145261397613136,neutral
Mosquito,B,Asn,AAT,0.362490269003231,0.232144516083909,0.516696117127752,-0.0986739411068644,0.197835504825131,deleterious
Mosquito,B,Pro,CCA,1.45922571796364,0.4099238765,3.27132570536987,0.00281006380796322,1.18763317174569,neutral
Mosquito,B,Pro,CCC,1.06336712403214,0.323631723704375,2.3578622844957,0.0451495266124702,-0.0809098435393489,neutral
Mosquito,B,Pro,CCG,1.00049087630369,0.320682120381725,2.04977265401942,-0.0102784268078718,-2.6598456048542,neutral
Mosquito,B,Pro,CCT,1.20149866479906,0.303496431373453,2.5160150880121,-0.0562543148549978,0.0733878653685126,neutral
Mosquito,B,Gln,CAA,1.11370307230919,0.581758536232356,1.81212417290391,-0.0991257715389368,0.571966022437646,neutral
Mosquito,B,Gln,CAG,1.03584031944161,0.496736716642966,1.69055939917027,-0.0118469395692383,-0.591981764329078,neutral
Mosquito,B,Arg,AGA,1.42791241957738,0.514581629369721,2.46707900707773,-0.0291743006616932,2.33202872295502,neutral
Mosquito,B,Arg,AGG,0.924918247711639,0.341644061162342,1.65913268825141,-0.0873985122423425,0.974042739664599,neutral
Mosquito,B,Arg,CGA,1.25333417886557,0.274836346350186,2.66625875546846,-0.102291474577349,-1.55187977442353,neutral
Mosquito,B,Arg,CGC,1.50605250166125,0.394693626600441,3.09117495347291,0.134148156780276,-1.29013498164842,neutral
Mosquito,B,Arg,CGG,1.08024428976479,0.209874196552162,2.76609435620595,-0.115967797438378,-2.76366213176538,neutral
Mosquito,B,Arg,CGT,0.759769390615043,0.217316129979993,1.49124155062818,0.155830804977972,-1.45540831865113,neutral
Mosquito,B,Ser,AGC,1.39561665357143,0.806790135714286,2.03428414285714,-0.0553543130562107,-0.180071551372547,neutral
Mosquito,B,Ser,AGT,0.297366590294118,0.173123104411765,0.440486457352941,-0.138439512565751,-0.146634603394513,deleterious
Mosquito,B,Ser,TCA,1.31484497378241,0.379673128469113,2.41213106616333,-0.0750401250365538,1.67618011155548,neutral
Mosquito,B,Ser,TCC,1.08852866077299,0.361111858930249,1.98236585834441,0.0106531314741232,-0.432008797874121,neutral
Mosquito,B,Ser,TCG,0.995604567011558,0.242037015563626,2.11735070432371,-0.0121922558994318,-2.39388470537742,neutral
Mosquito,B,Ser,TCT,1.07214063578837,0.237770521588259,2.35665855233318,-0.0618102294121487,0.738477246111117,neutral
Mosquito,B,Thr,ACA,1.21512752043376,0.46490077149836,2.14735769810015,-0.0530006932368602,1.5958704158271,neutral
Mosquito,B,Thr,ACC,1.07803075301104,0.298258774207809,2.21576074723304,0.126802912249401,-0.772979218439043,neutral
Mosquito,B,Thr,ACG,1.09680850276455,0.294469130772663,2.17065869355994,-0.0663385342753667,-1.34534885132673,neutral
Mosquito,B,Thr,ACT,1.2085488795611,0.275401810617334,2.42514771646065,-0.0168434030644516,-0.0929266626308317,neutral
Mosquito,B,Val,GTA,1.20617611900349,0.379016988427412,2.3769455308939,-0.0363509779912996,-0.234755556296955,neutral
Mosquito,B,Val,GTC,1.21763915563126,0.340568432835061,2.27623895362647,0.158424082981843,-0.082622158063885,neutral
Mosquito,B,Val,GTG,1.35396067132597,0.34677566179549,2.93343082476638,0.0192716124753211,0.185748484007952,neutral
Mosquito,B,Val,GTT,0.844548654745059,0.299146456084452,1.62596368992282,-0.00581195877094799,-0.0931341357012429,neutral
Mosquito,B,Tyr,TAC,1.25076142413793,0.743433272413793,1.84391255172414,0.0786487222214858,-0.174556845515108,neutral
Mosquito,B,Tyr,TAT,0.446207755813953,0.298684670232558,0.596477252790698,-0.0564854041766154,0.305269477092286,deleterious
