codon,count,freq
AAA,136,0.0400943396226415
AAC,75,0.0221108490566038
AAG,81,0.0238797169811321
AAT,62,0.0182783018867925
ACA,134,0.0395047169811321
ACC,53,0.015625
ACG,32,0.00943396226415094
ACT,42,0.0123820754716981
AGA,109,0.0321344339622642
AGC,34,0.0100235849056604
AGG,40,0.0117924528301887
AGT,28,0.00825471698113208
ATA,85,0.0250589622641509
ATC,75,0.0221108490566038
ATG,132,0.0389150943396226
ATT,60,0.017688679245283
CAA,62,0.0182783018867925
CAC,28,0.00825471698113208
CAG,40,0.0117924528301887
CAT,39,0.011497641509434
CCA,86,0.0253537735849057
CCC,27,0.00795990566037736
CCG,9,0.00265330188679245
CCT,24,0.00707547169811321
CGA,14,0.00412735849056604
CGC,14,0.00412735849056604
CGG,7,0.00206367924528302
CGT,11,0.00324292452830189
CTA,55,0.0162146226415094
CTC,54,0.0159198113207547
CTG,69,0.0203419811320755
CTT,30,0.00884433962264151
GAA,165,0.0486438679245283
GAC,79,0.0232900943396226
GAG,76,0.0224056603773585
GAT,54,0.0159198113207547
GCA,91,0.0268278301886792
GCC,66,0.0194575471698113
GCG,16,0.00471698113207547
GCT,51,0.0150353773584906
GGA,157,0.0462853773584906
GGC,38,0.0112028301886792
GGG,50,0.0147405660377358
GGT,29,0.00854952830188679
GTA,27,0.00795990566037736
GTC,49,0.0144457547169811
GTG,91,0.0268278301886792
GTT,50,0.0147405660377358
TAA,0,0
TAC,43,0.0126768867924528
TAG,1,0.000294811320754717
TAT,29,0.00854952830188679
TCA,64,0.0188679245283019
TCC,28,0.00825471698113208
TCG,9,0.00265330188679245
TCT,29,0.00854952830188679
TGA,0,0
TGC,31,0.00913915094339623
TGG,90,0.0265330188679245
TGT,26,0.00766509433962264
TTA,42,0.0123820754716981
TTC,55,0.0162146226415094
TTG,64,0.0188679245283019
TTT,45,0.0132665094339623
