host,mutcodon,mut_aa,mean_wrel
Human,AAA,Lys,1.16041643571957
Human,AAC,Asn,1.12020152957113
Human,AAG,Lys,0.887348621417198
Human,AAT,Asn,0.395990882812069
Human,ACA,Thr,1.332162806645
Human,ACC,Thr,0.822848160531919
Human,ACG,Thr,0.976957869740296
Human,ACT,Thr,1.02218919856525
Human,AGA,Arg,1.56749601076845
Human,AGC,Ser,1.20342958035714
Human,AGG,Arg,0.88569972205723
Human,AGT,Ser,0.392803070588235
Human,ATA,Ile,1.26407155658242
Human,ATC,Ile,1.02621052286686
Human,ATT,Ile,0.824192550556905
Human,CAA,Gln,1.09191740515883
Human,CAC,His,1.10714211538462
Human,CAG,Gln,0.835714317748739
Human,CAT,His,0.484895941964286
Human,CCA,Pro,1.32066652606438
Human,CCC,Pro,0.877831128209499
Human,CCG,Pro,1.11634971413425
Human,CCT,Pro,0.979706131397469
Human,CGA,Arg,0.958392244168705
Human,CGC,Arg,1.27969125365399
Human,CGG,Arg,1.00541811198606
Human,CGT,Arg,0.743052122288066
Human,CTA,Leu,1.25456505675713
Human,CTC,Leu,0.989165010199871
Human,CTG,Leu,1.10637737641115
Human,CTT,Leu,0.869701099730215
Human,GAA,Glu,1.13337416920957
Human,GAC,Asp,1.17729965648148
Human,GAG,Glu,0.84543101330303
Human,GAT,Asp,0.451379427388535
Human,GCA,Ala,1.38782812126761
Human,GCC,Ala,1.1541458744126
Human,GCG,Ala,1.51005443012646
Human,GCT,Ala,0.92063631889275
Human,GGA,Gly,1.32816505634833
Human,GGC,Gly,1.14302304231242
Human,GGG,Gly,0.956456505115592
Human,GGT,Gly,0.843561691928009
Human,GTA,Val,1.26193607904384
Human,GTC,Val,0.994615022173261
Human,GTG,Val,1.1716196961312
Human,GTT,Val,0.901453504927391
Human,TAC,Tyr,1.13221044827586
Human,TAT,Tyr,0.443653373604651
Human,TCA,Ser,1.16267839218562
Human,TCC,Ser,0.848353804699846
Human,TCG,Ser,1.02579265466828
Human,TCT,Ser,0.926091284419282
Human,TGC,Cys,1.17851227884615
Human,TGT,Cys,0.473692319354839
Human,TTA,Leu,0.788239804786285
Human,TTC,Phe,1.19542764777778
Human,TTG,Leu,0.657937889687888
Human,TTT,Phe,0.405511168585394
Mosquito,AAA,Lys,1.17393284647839
Mosquito,AAC,Asn,1.14616236912437
Mosquito,AAG,Lys,0.938505273784229
Mosquito,AAT,Asn,0.409455456229116
Mosquito,ACA,Thr,1.22137380309806
Mosquito,ACC,Thr,0.963435824376961
Mosquito,ACG,Thr,1.16800398343456
Mosquito,ACT,Thr,1.03695800854325
Mosquito,AGA,Arg,1.26077725628723
Mosquito,AGC,Ser,1.33604730178571
Mosquito,AGG,Arg,0.893453816819695
Mosquito,AGT,Ser,0.383546726701471
Mosquito,ATA,Ile,1.06805015407001
Mosquito,ATC,Ile,0.963994970076495
Mosquito,ATT,Ile,1.09429435087053
Mosquito,CAA,Gln,1.17525629233488
Mosquito,CAC,His,1.15008549871795
Mosquito,CAG,Gln,1.03257794247289
Mosquito,CAT,His,0.510048685107143
Mosquito,CCA,Pro,1.36577925742365
Mosquito,CCC,Pro,0.97036428331367
Mosquito,CCG,Pro,1.05614031978794
Mosquito,CCT,Pro,1.21425683633233
Mosquito,CGA,Arg,1.11353960643671
Mosquito,CGC,Arg,1.22188757205989
Mosquito,CGG,Arg,1.06819201682313
Mosquito,CGT,Arg,0.731679574167826
Mosquito,CTA,Leu,1.21892473042673
Mosquito,CTC,Leu,1.0376047971918
Mosquito,CTG,Leu,1.23737032201858
Mosquito,CTT,Leu,0.900562988030512
Mosquito,GAA,Glu,1.25197988618156
Mosquito,GAC,Asp,1.18129219814815
Mosquito,GAG,Glu,0.932914355757576
Mosquito,GAT,Asp,0.408348606178344
Mosquito,GCA,Ala,1.39366594249903
Mosquito,GCC,Ala,1.26283998387556
Mosquito,GCG,Ala,1.23149747607948
Mosquito,GCT,Ala,1.25365607746457
Mosquito,GGA,Gly,1.3579525123067
Mosquito,GGC,Gly,1.14079128937703
Mosquito,GGG,Gly,1.07723246904634
Mosquito,GGT,Gly,0.790858583411542
Mosquito,GTA,Val,1.17891060631487
Mosquito,GTC,Val,1.05679676934824
Mosquito,GTG,Val,1.28966109975358
Mosquito,GTT,Val,0.794688929810475
Mosquito,TAC,Tyr,1.1776847637931
Mosquito,TAT,Tyr,0.507060291860465
Mosquito,TCA,Ser,1.23066306504593
Mosquito,TCC,Ser,1.15154574948363
Mosquito,TCG,Ser,0.958540797469326
Mosquito,TCT,Ser,0.987802824648266
Mosquito,TGC,Cys,1.32033619230769
Mosquito,TGT,Cys,0.476954223342581
Mosquito,TTA,Leu,0.890202566968167
Mosquito,TTC,Phe,1.14619839
Mosquito,TTG,Leu,0.748548580577106
Mosquito,TTT,Phe,0.49690191996083
