codon,aa,drb_csc,flavopiridol_csc,triptolide_csc,mosquito_csc,human_csc
AAA,Lys,-0.163880616700471,-0.168006626723853,-0.164237440403312,-0.165374894609212,-0.126257933333333
AAC,Asn,0.0968891429047892,0.0895802242148386,0.0726770051450745,0.0863821240882341,0.0451138266666667
AAG,Lys,0.0809974611944987,0.081085661397602,0.0806515818544046,0.0809115681488351,-0.0227162033333333
AAT,Asn,-0.0912434716876432,-0.0880991278505733,-0.116679223782377,-0.0986739411068644,-0.0521624333333333
ACA,Thr,-0.0545049700717942,-0.0594388613301235,-0.045058248308663,-0.0530006932368602,-0.0284036666666667
ACC,Thr,0.125486549293347,0.1254739610495,0.129448226405356,0.126802912249401,0.04905102
ACG,Thr,-0.072519021612538,-0.0682251315466734,-0.0582714496668887,-0.0663385342753667,0.0533641266666667
ACT,Thr,-0.00555473296363805,-0.0123303288744713,-0.0326451473552454,-0.0168434030644516,-0.120198133333333
AGA,Arg,-0.0284555315274445,-0.0353119019822861,-0.0237554684753491,-0.0291743006616932,-0.1014676
AGC,Ser,-0.0365874047046658,-0.0453779135228333,-0.0840976209411329,-0.0553543130562107,-0.0346864333333333
AGG,Arg,-0.0880200163432846,-0.0781437769938878,-0.0960317433898552,-0.0873985122423425,-0.0457454666666667
AGT,Ser,-0.125267977998451,-0.121244648772921,-0.16880591092588,-0.138439512565751,-0.136706933333333
ATA,Ile,-0.140823379861622,-0.160443269919618,-0.132152780932101,-0.144473143571114,-0.0389058
ATC,Ile,0.121695329695297,0.119502029542037,0.134614487601261,0.125270615612865,0.14312648
ATG,Met,0.0286795139051068,0.0259357080304139,0.0523458753815941,0.0356536991057049,0.136707413333333
ATT,Ile,-0.0654299492021158,-0.0757393080958091,-0.0395331537409416,-0.0602341370129555,0.0167319366666667
CAA,Gln,-0.0853454741817832,-0.0938608980978029,-0.118170942337224,-0.0991257715389368,-0.0983746666666667
CAC,His,-0.0245285859274671,-0.0118478403920593,-0.0224954297668048,-0.0196239520287771,-0.1095711
CAG,Gln,-0.0089523274273031,0.0162556843934882,-0.0428441756739001,-0.0118469395692383,0.00850654666666667
CAT,His,-0.0702960306427072,-0.0662787477209399,-0.0874264780684006,-0.0746670854773492,-0.174088566666667
CCA,Pro,0.00829307872336823,0.023168426162147,-0.0230313134616255,0.00281006380796322,-0.0378252
CCC,Pro,0.0501321142817185,0.0559161585692689,0.0294003069864232,0.0451495266124702,0.01083753
CCG,Pro,-0.00553316257631527,-0.00363241876041736,-0.0216696990868826,-0.0102784268078718,-0.0368366333333333
CCT,Pro,-0.0426421643479653,-0.0445279097681009,-0.0815928704489273,-0.0562543148549978,-0.0495804
CGA,Arg,-0.0917463167079323,-0.103816475586548,-0.111311631437567,-0.102291474577349,-0.0120124333333333
CGC,Arg,0.134152960445063,0.14018735435119,0.128104155544576,0.134148156780276,-0.062132
CGG,Arg,-0.124329685578884,-0.110780321830479,-0.112793384905773,-0.115967797438378,0.0667344066666667
CGT,Arg,0.162666193800056,0.165227700321084,0.139598520812777,0.155830804977972,-0.0389102333333333
CTA,Leu,-0.0666943641793641,-0.0670104814123755,-0.0544504184570371,-0.0627184213495922,-0.0180649666666667
CTC,Leu,-2.11097802403763e-05,0.00714094206967058,0.00232229728060235,0.00314737652334419,0.09029217
CTG,Leu,0.0760231186837884,0.0771785220289996,0.086678015133553,0.0799598852821137,0.122084703333333
CTT,Leu,-0.0568595357746114,-0.0521784778254805,-0.0469788133276205,-0.0520056089759041,-0.0641507666666667
GAA,Glu,-0.110971027470948,-0.109354082401614,-0.14286628878086,-0.121063799551141,-0.0507046333333333
GAC,Asp,-0.0076817544013784,0.00515267903883476,-0.0112224405202909,-0.00458383862761151,0.10221857
GAG,Glu,-0.0611142702977862,-0.0513327751277168,-0.062717321838075,-0.0583881224211927,0.0537203966666667
GAT,Asp,-0.0947833292157156,-0.100303429679543,-0.105855877163029,-0.100314212019429,0.0339287266666667
GCA,Ala,-0.0336006459923246,-0.0297509339749031,-0.0385913103344815,-0.0339809634339031,0.0353554433333333
GCC,Ala,0.175598224823774,0.16947135309527,0.191863705239807,0.17897776105295,0.0734844066666667
GCG,Ala,-0.0772391012139606,-0.0637836905003038,-0.044610292794212,-0.0618776948361588,-0.0237521
GCT,Ala,0.0947380629085865,0.0922084794891357,0.0674982243023438,0.0848149222333553,0.0234937633333333
GGA,Gly,0.113085999002541,0.110554088005427,0.130376320814214,0.118005469274061,0.00406105666666667
GGC,Gly,0.109768159910356,0.117734893165203,0.142742740935701,0.12341526467042,0.0309545066666667
GGG,Gly,-0.0711810427096427,-0.0748711807474304,-0.0565818695399246,-0.0675446976656659,0.0458873266666667
GGT,Gly,0.141970232026479,0.13110613698253,0.143534969288376,0.138870446099128,-0.000453206666666666
GTA,Val,-0.0360021977878094,-0.0481541271967922,-0.0248966089892972,-0.0363509779912996,-0.0212510333333333
GTC,Val,0.150324237640807,0.154056977223566,0.170891034081154,0.158424082981843,0.1278281
GTG,Val,0.00302094137920389,0.00337822494493952,0.0514156711018199,0.0192716124753211,0.137305863333333
GTT,Val,-0.0140686839605547,-0.0123718274674527,0.0090046351151635,-0.00581195877094799,-0.00715746
TAC,Tyr,0.0652544254894374,0.0654867836547479,0.105204957520272,0.0786487222214858,0.0791173133333333
TAT,Tyr,-0.0577706908646086,-0.0740109734472927,-0.0376745482179449,-0.0564854041766154,0.000234583333333334
TCA,Ser,-0.0650893725194857,-0.0653909026905366,-0.0946400998996393,-0.0750401250365538,-0.129959233333333
TCC,Ser,0.0139532279250776,0.0306285785898681,-0.0126224120925762,0.0106531314741232,-0.0242778666666667
TCG,Ser,-0.00868822166098341,0.00681246833658423,-0.0347010143738964,-0.0121922558994318,-0.0380251
TCT,Ser,-0.0457895977397769,-0.0464343148668937,-0.0932067756297755,-0.0618102294121487,-0.112755433333333
TGC,Cys,-0.0125087420539071,-0.0101428887244799,-0.0015697931231863,-0.00807380796719112,-0.00282285666666667
TGG,Trp,0.039947657459136,0.0327593972018827,0.0899952575440818,0.0542341040683668,0.10488017
TGT,Cys,-0.0441807141783291,-0.0579337419662063,-0.0457590195813577,-0.0492911585752977,-0.165457966666667
TTA,Leu,-0.0758285071836059,-0.0801768707530935,-0.0712728573874736,-0.0757594117747243,-0.0748496666666667
TTC,Phe,0.0677900618375941,0.0538017107706368,0.115038644426671,0.0788768056783008,0.118292153333333
TTG,Leu,-0.0841145016079594,-0.089660201555054,-0.0749600685094891,-0.0829115905575008,-0.0186503
TTT,Phe,-0.0751695669660612,-0.10695558352205,-0.0542823216295593,-0.0788024907058903,-0.00518835
