wtcodon,mutcodon,host,csc,rscu_fc
AAA,AAA,Human,-0.126257933333333,0.496094792614005
AAC,AAC,Human,0.0451138266666667,0.077846601751651
AAG,AAG,Human,-0.0227162033333333,-0.573910835635923
AAT,AAT,Human,-0.0521624333333333,-0.0888788767154229
ACA,ACA,Human,-0.0284036666666667,0.839039915372435
ACC,ACC,Human,0.04905102,-0.770929765825733
ACG,ACG,Human,0.0533641266666667,0.133679300985441
ACT,ACT,Human,-0.120198133333333,-0.662666482119751
AGA,AGA,Human,-0.1014676,1.37115411678829
AGC,AGC,Human,-0.0346864333333333,-0.432106506066355
AGG,AGG,Human,-0.0457454666666667,-0.040652279880029
AGT,AGT,Human,-0.136706933333333,-0.0629081559238043
ATA,ATA,Human,-0.0389058,1.13129155776844
ATC,ATC,Human,0.14312648,-0.417187447713012
ATG,ATG,Human,0.136707413333333,0
ATT,ATT,Human,0.0167319366666667,-0.433810218410941
CAA,CAA,Human,-0.0983746666666667,1.16889651622181
CAC,CAC,Human,-0.1095711,-0.457332293686077
CAG,CAG,Human,0.00850654666666667,-0.89578330997732
CAT,CAT,Human,-0.174088566666667,0.449681116465419
CCA,CCA,Human,-0.0378252,1.09251226614006
CCC,CCC,Human,0.01083753,-0.797708543213176
CCG,CCG,Human,-0.0368366333333333,-0.922039401054675
CCT,CCT,Human,-0.0495804,-0.79640950332836
CGA,CGA,Human,-0.0120124333333333,-0.587401988342703
CGC,CGC,Human,-0.062132,-1.35383631660491
CGG,CGG,Human,0.0667344066666667,-2.49633220226874
CGT,CGT,Human,-0.0389102333333333,-0.485775948823348
CTA,CTA,Human,-0.0180649666666667,1.28382598134055
CTC,CTC,Human,0.09029217,-0.14991114907417
CTG,CTG,Human,0.122084703333333,-0.836535573999127
CTT,CTT,Human,-0.0641507666666667,-0.492506772074943
GAA,GAA,Human,-0.0507046333333333,0.664553960122141
GAC,GAC,Human,0.10221857,0.166155070606647
GAG,GAG,Human,0.0537203966666667,-0.849095228352369
GAT,GAT,Human,0.0339287266666667,-0.213065863259834
GCA,GCA,Human,0.0353554433333333,0.824726921883642
GCC,GCC,Human,0.0734844066666667,-0.437030752363846
GCG,GCG,Human,-0.0237521,-0.616288343046503
GCT,GCT,Human,0.0234937633333333,-0.203938748399241
GGA,GGA,Human,0.00406105666666667,1.18585640415826
GGC,GGC,Human,0.0309545066666667,-1.28669852363725
GGG,GGG,Human,0.0458873266666667,-0.442932229608369
GGT,GGT,Human,-0.000453206666666666,-0.611645940792881
GTA,GTA,Human,-0.0212510333333333,0.0426453668919528
GTC,GTC,Human,0.1278281,-0.0546370809855851
GTG,GTG,Human,0.137305863333333,-0.131221815798289
GTT,GTT,Human,-0.00715746,0.313655038166393
TAC,TAC,Human,0.0791173133333333,0.126308849722749
TAT,TAT,Human,0.000234583333333334,-0.169021863068449
TCA,TCA,Human,-0.129959233333333,1.1139280792704
TCC,TCC,Human,-0.0242778666666667,-0.542043286665598
TCG,TCG,Human,-0.0380251,-0.225647861598747
TCT,TCT,Human,-0.112755433333333,-0.31259872515157
TGC,TGC,Human,-0.00282285666666667,0.0258347049659359
TGG,TGG,Human,0.10488017,0
TGT,TGT,Human,-0.165457966666667,-0.0302102358600016
TTA,TTA,Human,-0.0748496666666667,0.748503280552163
TTC,TTC,Human,0.118292153333333,0.0515785474006845
TTG,TTG,Human,-0.0186503,0.639809102981019
TTT,TTT,Human,-0.00518835,-0.0606346231584468
AAA,AAA,Mosquito,-0.165374894609212,0.545297268813693
AAC,AAC,Mosquito,0.0863821240882341,-0.145261397613136
AAG,AAG,Mosquito,0.0809115681488351,-0.612087116975488
AAT,AAT,Mosquito,-0.0986739411068644,0.197835504825131
ACA,ACA,Mosquito,-0.0530006932368602,1.5958704158271
ACC,ACC,Mosquito,0.126802912249401,-0.772979218439043
ACG,ACG,Mosquito,-0.0663385342753667,-1.34534885132673
ACT,ACT,Mosquito,-0.0168434030644516,-0.0929266626308317
AGA,AGA,Mosquito,-0.0291743006616932,2.33202872295502
AGC,AGC,Mosquito,-0.0553543130562107,-0.180071551372547
AGG,AGG,Mosquito,-0.0873985122423425,0.974042739664599
AGT,AGT,Mosquito,-0.138439512565751,-0.146634603394513
ATA,ATA,Mosquito,-0.144473143571114,1.24250969765617
ATC,ATC,Mosquito,0.125270615612865,-0.565103599381644
ATG,ATG,Mosquito,0.0356536991057049,0
ATT,ATT,Mosquito,-0.0602341370129555,-0.285182040633049
CAA,CAA,Mosquito,-0.0991257715389368,0.571966022437646
CAC,CAC,Mosquito,-0.0196239520287771,-0.454022610400326
CAG,CAG,Mosquito,-0.0118469395692383,-0.591981764329078
CAT,CAT,Mosquito,-0.0746670854773492,0.44523735214763
CCA,CCA,Mosquito,0.00281006380796322,1.18763317174569
CCC,CCC,Mosquito,0.0451495266124702,-0.0809098435393489
CCG,CCG,Mosquito,-0.0102784268078718,-2.6598456048542
CCT,CCT,Mosquito,-0.0562543148549978,0.0733878653685126
CGA,CGA,Mosquito,-0.102291474577349,-1.55187977442353
CGC,CGC,Mosquito,0.134148156780276,-1.29013498164842
CGG,CGG,Mosquito,-0.115967797438378,-2.76366213176538
CGT,CGT,Mosquito,0.155830804977972,-1.45540831865113
CTA,CTA,Mosquito,-0.0627184213495922,0.84078744463868
CTC,CTC,Mosquito,0.00314737652334419,0.372414998676476
CTG,CTG,Mosquito,0.0799598852821137,-0.801721921262198
CTT,CTT,Mosquito,-0.0520056089759041,-0.164512054757958
GAA,GAA,Mosquito,-0.121063799551141,0.313557744733191
GAC,GAC,Mosquito,-0.00458383862761151,0.341229807002363
GAG,GAG,Mosquito,-0.0583881224211927,-0.510054791020999
GAT,GAT,Mosquito,-0.100314212019429,-0.387524242302508
GCA,GCA,Mosquito,-0.0339809634339031,0.990365495849847
GCC,GCC,Mosquito,0.17897776105295,-0.268110567844246
GCG,GCG,Mosquito,-0.0618776948361588,-1.62748605152701
GCT,GCT,Mosquito,0.0848149222333553,0.0494917955738215
GGA,GGA,Mosquito,0.118005469274061,0.73186208228137
GGC,GGC,Mosquito,0.12341526467042,-0.901453724060294
GGG,GGG,Mosquito,-0.0675446976656659,0.396066123538057
GGT,GGT,Mosquito,0.138870446099128,-1.28132073905495
GTA,GTA,Mosquito,-0.0363509779912996,-0.234755556296955
GTC,GTC,Mosquito,0.158424082981843,-0.082622158063885
GTG,GTG,Mosquito,0.0192716124753211,0.185748484007952
GTT,GTT,Mosquito,-0.00581195877094799,-0.0931341357012429
TAC,TAC,Mosquito,0.0786487222214858,-0.174556845515108
TAT,TAT,Mosquito,-0.0564854041766154,0.305269477092286
TCA,TCA,Mosquito,-0.0750401250365538,1.67618011155548
TCC,TCC,Mosquito,0.0106531314741232,-0.432008797874121
TCG,TCG,Mosquito,-0.0121922558994318,-2.39388470537742
TCT,TCT,Mosquito,-0.0618102294121487,0.738477246111117
TGC,TGC,Mosquito,-0.00807380796719112,-0.0950155097732795
TGG,TGG,Mosquito,0.0542341040683668,0
TGT,TGT,Mosquito,-0.0492911585752977,0.122127935051711
TTA,TTA,Mosquito,-0.0757594117747243,1.26899897932913
TTC,TTC,Mosquito,0.0788768056783008,-0.294204224955615
TTG,TTG,Mosquito,-0.0829115905575008,-0.134347107430571
TTT,TTT,Mosquito,-0.0788024907058903,0.466889149367171
