host,mutcodon,codon_class,group,mut_aa,mean_wrel,mean_wrel_lower,mean_wrel_upper,mutcodon_csc,mutcodon_rscu_fc,fitness_class
Human,AAA,denguenized,3,Lys,1.16041643571957,0.530864518958601,1.97434101088357,-0.126257933333333,0.496094792614005,neutral
Human,AAA,frequently_used,1,Lys,1.16041643571957,0.530864518958601,1.97434101088357,-0.126257933333333,0.496094792614005,neutral
Human,AAA,preferentially_used,2,Lys,1.16041643571957,0.530864518958601,1.97434101088357,-0.126257933333333,0.496094792614005,neutral
Human,AAC,frequently_used,1,Asn,1.12020152957113,0.587883759278769,1.82417513660811,0.0451138266666667,0.077846601751651,neutral
Human,AAG,non_preferentially_used,2,Lys,0.887348621417198,0.406476292939541,1.46274753993928,-0.0227162033333333,-0.573910835635923,neutral
Human,AAG,frequently_used,1,Lys,0.887348621417198,0.406476292939541,1.46274753993928,-0.0227162033333333,-0.573910835635923,neutral
Human,ACA,frequently_used,1,Thr,1.332162806645,0.407827957101732,2.62749228226182,-0.0284036666666667,0.839039915372435,neutral
Human,ACA,preferentially_used,2,Thr,1.332162806645,0.407827957101732,2.62749228226182,-0.0284036666666667,0.839039915372435,neutral
Human,ACA,denguenized,3,Thr,1.332162806645,0.407827957101732,2.62749228226182,-0.0284036666666667,0.839039915372435,neutral
Human,ACC,non_preferentially_used,2,Thr,0.822848160531919,0.266365337292096,1.70986000250639,0.04905102,-0.770929765825733,neutral
Human,ACT,non_preferentially_used,2,Thr,1.02218919856525,0.240686455760761,2.07372925759011,-0.120198133333333,-0.662666482119751,neutral
Human,AGA,frequently_used,1,Arg,1.56749601076845,0.520541860344929,2.85436016655061,-0.1014676,1.37115411678829,neutral
Human,AGA,denguenized,3,Arg,1.56749601076845,0.520541860344929,2.85436016655061,-0.1014676,1.37115411678829,neutral
Human,AGA,preferentially_used,2,Arg,1.56749601076845,0.520541860344929,2.85436016655061,-0.1014676,1.37115411678829,neutral
Human,AGT,infrequently_used,1,Ser,0.392803070588235,0.162131413867647,0.688243010294118,-0.136706933333333,-0.0629081559238043,deleterious
Human,ATA,denguenized,3,Ile,1.26407155658242,0.337758498700857,2.5486786510669,-0.0389058,1.13129155776844,neutral
Human,ATA,frequently_used,1,Ile,1.26407155658242,0.337758498700857,2.5486786510669,-0.0389058,1.13129155776844,neutral
Human,ATA,preferentially_used,2,Ile,1.26407155658242,0.337758498700857,2.5486786510669,-0.0389058,1.13129155776844,neutral
Human,ATC,frequently_used,1,Ile,1.02621052286686,0.370494261509681,2.26104204230829,0.14312648,-0.417187447713012,neutral
Human,CAA,preferentially_used,2,Gln,1.09191740515883,0.483352419252324,2.02992231558169,-0.0983746666666667,1.16889651622181,neutral
Human,CAC,infrequently_used,1,His,1.10714211538462,0.64452193974359,1.63768270128205,-0.1095711,-0.457332293686077,neutral
Human,CAG,non_preferentially_used,2,Gln,0.835714317748739,0.39100425337508,1.37667538157418,0.00850654666666667,-0.89578330997732,neutral
Human,CCA,frequently_used,1,Pro,1.32066652606438,0.408589458944401,2.43408456762111,-0.0378252,1.09251226614006,neutral
Human,CCA,preferentially_used,2,Pro,1.32066652606438,0.408589458944401,2.43408456762111,-0.0378252,1.09251226614006,neutral
Human,CCA,denguenized,3,Pro,1.32066652606438,0.408589458944401,2.43408456762111,-0.0378252,1.09251226614006,neutral
Human,CCC,infrequently_used,1,Pro,0.877831128209499,0.274177238144482,1.73688598855098,0.01083753,-0.797708543213176,neutral
Human,CCC,non_preferentially_used,2,Pro,0.877831128209499,0.274177238144482,1.73688598855098,0.01083753,-0.797708543213176,neutral
Human,CCC,non_denguenized,3,Pro,0.877831128209499,0.274177238144482,1.73688598855098,0.01083753,-0.797708543213176,neutral
Human,CCG,non_denguenized,3,Pro,1.11634971413425,0.243836031148067,2.3395111309926,-0.0368366333333333,-0.922039401054675,neutral
Human,CCG,non_preferentially_used,2,Pro,1.11634971413425,0.243836031148067,2.3395111309926,-0.0368366333333333,-0.922039401054675,neutral
Human,CCG,infrequently_used,1,Pro,1.11634971413425,0.243836031148067,2.3395111309926,-0.0368366333333333,-0.922039401054675,neutral
Human,CCT,non_denguenized,3,Pro,0.979706131397469,0.267886108527898,2.04936810557216,-0.0495804,-0.79640950332836,neutral
Human,CCT,infrequently_used,1,Pro,0.979706131397469,0.267886108527898,2.04936810557216,-0.0495804,-0.79640950332836,neutral
Human,CCT,non_preferentially_used,2,Pro,0.979706131397469,0.267886108527898,2.04936810557216,-0.0495804,-0.79640950332836,neutral
Human,CGA,non_denguenized,3,Arg,0.958392244168705,0.218879562327815,2.07353291275294,-0.0120124333333333,-0.587401988342703,neutral
Human,CGA,infrequently_used,1,Arg,0.958392244168705,0.218879562327815,2.07353291275294,-0.0120124333333333,-0.587401988342703,neutral
Human,CGA,non_preferentially_used,2,Arg,0.958392244168705,0.218879562327815,2.07353291275294,-0.0120124333333333,-0.587401988342703,neutral
Human,CGC,infrequently_used,1,Arg,1.27969125365399,0.338922395522529,2.45712524015262,-0.062132,-1.35383631660491,neutral
Human,CGC,non_preferentially_used,2,Arg,1.27969125365399,0.338922395522529,2.45712524015262,-0.062132,-1.35383631660491,neutral
Human,CGC,non_denguenized,3,Arg,1.27969125365399,0.338922395522529,2.45712524015262,-0.062132,-1.35383631660491,neutral
Human,CGG,infrequently_used,1,Arg,1.00541811198606,0.193938636978102,2.40367839906868,0.0667344066666667,-2.49633220226874,neutral
Human,CGG,non_denguenized,3,Arg,1.00541811198606,0.193938636978102,2.40367839906868,0.0667344066666667,-2.49633220226874,neutral
Human,CGG,non_preferentially_used,2,Arg,1.00541811198606,0.193938636978102,2.40367839906868,0.0667344066666667,-2.49633220226874,neutral
Human,CGT,infrequently_used,1,Arg,0.743052122288066,0.19288352672434,1.38120230712331,-0.0389102333333333,-0.485775948823348,neutral
Human,CTA,preferentially_used,2,Leu,1.25456505675713,0.440588945566909,2.49990163813146,-0.0180649666666667,1.28382598134055,neutral
Human,CTG,non_preferentially_used,2,Leu,1.10637737641115,0.387857089986106,2.17080910249223,0.122084703333333,-0.836535573999127,neutral
Human,GAA,preferentially_used,2,Glu,1.13337416920957,0.558583254902932,1.8773057179891,-0.0507046333333333,0.664553960122141,neutral
Human,GAA,denguenized,3,Glu,1.13337416920957,0.558583254902932,1.8773057179891,-0.0507046333333333,0.664553960122141,neutral
Human,GAA,frequently_used,1,Glu,1.13337416920957,0.558583254902932,1.8773057179891,-0.0507046333333333,0.664553960122141,neutral
Human,GAC,frequently_used,1,Asp,1.17729965648148,0.666409383796296,1.92919681018519,0.10221857,0.166155070606647,neutral
Human,GAG,frequently_used,1,Glu,0.84543101330303,0.366526277151515,1.43306546606061,0.0537203966666667,-0.849095228352369,neutral
Human,GAG,non_preferentially_used,2,Glu,0.84543101330303,0.366526277151515,1.43306546606061,0.0537203966666667,-0.849095228352369,neutral
Human,GCA,frequently_used,1,Ala,1.38782812126761,0.382079561819971,2.86798586123983,0.0353554433333333,0.824726921883642,neutral
Human,GCA,preferentially_used,2,Ala,1.38782812126761,0.382079561819971,2.86798586123983,0.0353554433333333,0.824726921883642,neutral
Human,GCA,denguenized,3,Ala,1.38782812126761,0.382079561819971,2.86798586123983,0.0353554433333333,0.824726921883642,neutral
Human,GCG,non_denguenized,3,Ala,1.51005443012646,0.235469280737548,3.19498461854339,-0.0237521,-0.616288343046503,neutral
Human,GCG,infrequently_used,1,Ala,1.51005443012646,0.235469280737548,3.19498461854339,-0.0237521,-0.616288343046503,neutral
Human,GCG,non_preferentially_used,2,Ala,1.51005443012646,0.235469280737548,3.19498461854339,-0.0237521,-0.616288343046503,neutral
Human,GGA,frequently_used,1,Gly,1.32816505634833,0.443748201927842,2.5401107153946,0.00406105666666667,1.18585640415826,neutral
Human,GGA,denguenized,3,Gly,1.32816505634833,0.443748201927842,2.5401107153946,0.00406105666666667,1.18585640415826,neutral
Human,GGA,preferentially_used,2,Gly,1.32816505634833,0.443748201927842,2.5401107153946,0.00406105666666667,1.18585640415826,neutral
Human,GGC,non_preferentially_used,2,Gly,1.14302304231242,0.252888655395704,2.48901306463375,0.0309545066666667,-1.28669852363725,neutral
Human,GGT,non_preferentially_used,2,Gly,0.843561691928009,0.159958212161453,1.93213730651462,-0.000453206666666666,-0.611645940792881,neutral
Human,GTA,infrequently_used,1,Val,1.26193607904384,0.369012737577565,2.53978221007055,-0.0212510333333333,0.0426453668919528,neutral
Human,GTG,frequently_used,1,Val,1.1716196961312,0.277076495467078,2.59022835276834,0.137305863333333,-0.131221815798289,neutral
Human,TAT,infrequently_used,1,Tyr,0.443653373604651,0.196161711974419,0.717448584883721,0.000234583333333334,-0.169021863068449,deleterious
Human,TCA,preferentially_used,2,Ser,1.16267839218562,0.350741641413004,2.82790698505818,-0.129959233333333,1.1139280792704,neutral
Human,TCC,infrequently_used,1,Ser,0.848353804699846,0.30453941272174,1.98779570384417,-0.0242778666666667,-0.542043286665598,neutral
Human,TCC,non_preferentially_used,2,Ser,0.848353804699846,0.30453941272174,1.98779570384417,-0.0242778666666667,-0.542043286665598,neutral
Human,TCC,non_denguenized,3,Ser,0.848353804699846,0.30453941272174,1.98779570384417,-0.0242778666666667,-0.542043286665598,neutral
Human,TCG,infrequently_used,1,Ser,1.02579265466828,0.217366869986487,2.2131966322388,-0.0380251,-0.225647861598747,neutral
Human,TCT,infrequently_used,1,Ser,0.926091284419282,0.211713400932568,1.91578078509569,-0.112755433333333,-0.31259872515157,neutral
Human,TGT,infrequently_used,1,Cys,0.473692319354839,0.231218747354839,0.832143038709677,-0.165457966666667,-0.0302102358600016,deleterious
Human,TTA,preferentially_used,2,Leu,0.788239804786285,0.310478389711511,1.41213829038849,-0.0748496666666667,0.748503280552163,neutral
Human,TTG,preferentially_used,2,Leu,0.657937889687888,0.331535211095552,1.0548075477558,-0.0186503,0.639809102981019,neutral
Mosquito,AAA,preferentially_used,2,Lys,1.17393284647839,0.561306250060628,2.0265921235658,-0.165374894609212,0.545297268813693,neutral
Mosquito,AAA,frequently_used,1,Lys,1.17393284647839,0.561306250060628,2.0265921235658,-0.165374894609212,0.545297268813693,neutral
Mosquito,AAA,denguenized,3,Lys,1.17393284647839,0.561306250060628,2.0265921235658,-0.165374894609212,0.545297268813693,neutral
Mosquito,AAC,frequently_used,1,Asn,1.14616236912437,0.641173399084027,1.82550241398883,0.0863821240882341,-0.145261397613136,neutral
Mosquito,AAG,frequently_used,1,Lys,0.938505273784229,0.42792350939278,1.59221584853387,0.0809115681488351,-0.612087116975488,neutral
Mosquito,AAG,non_preferentially_used,2,Lys,0.938505273784229,0.42792350939278,1.59221584853387,0.0809115681488351,-0.612087116975488,neutral
Mosquito,ACA,denguenized,3,Thr,1.22137380309806,0.402599708859416,2.29655423773209,-0.0530006932368602,1.5958704158271,neutral
Mosquito,ACA,frequently_used,1,Thr,1.22137380309806,0.402599708859416,2.29655423773209,-0.0530006932368602,1.5958704158271,neutral
Mosquito,ACA,preferentially_used,2,Thr,1.22137380309806,0.402599708859416,2.29655423773209,-0.0530006932368602,1.5958704158271,neutral
Mosquito,ACC,non_preferentially_used,2,Thr,0.963435824376961,0.268324740016325,1.95461063230361,0.126802912249401,-0.772979218439043,neutral
Mosquito,ACG,non_preferentially_used,2,Thr,1.16800398343456,0.283050859605754,2.78681253412169,-0.0663385342753667,-1.34534885132673,neutral
Mosquito,AGA,denguenized,3,Arg,1.26077725628723,0.48760510777421,2.2287499269387,-0.0291743006616932,2.33202872295502,neutral
Mosquito,AGA,frequently_used,1,Arg,1.26077725628723,0.48760510777421,2.2287499269387,-0.0291743006616932,2.33202872295502,neutral
Mosquito,AGA,preferentially_used,2,Arg,1.26077725628723,0.48760510777421,2.2287499269387,-0.0291743006616932,2.33202872295502,neutral
Mosquito,AGG,preferentially_used,2,Arg,0.893453816819695,0.321091097645392,1.66824812313016,-0.0873985122423425,0.974042739664599,neutral
Mosquito,AGT,infrequently_used,1,Ser,0.383546726701471,0.230693791323529,0.583235818382353,-0.138439512565751,-0.146634603394513,deleterious
Mosquito,ATA,preferentially_used,2,Ile,1.06805015407001,0.341101669035884,2.31462301532298,-0.144473143571114,1.24250969765617,neutral
Mosquito,ATA,denguenized,3,Ile,1.06805015407001,0.341101669035884,2.31462301532298,-0.144473143571114,1.24250969765617,neutral
Mosquito,ATA,frequently_used,1,Ile,1.06805015407001,0.341101669035884,2.31462301532298,-0.144473143571114,1.24250969765617,neutral
Mosquito,ATC,frequently_used,1,Ile,0.963994970076495,0.371192838689141,1.97235978208032,0.125270615612865,-0.565103599381644,neutral
Mosquito,ATC,non_preferentially_used,2,Ile,0.963994970076495,0.371192838689141,1.97235978208032,0.125270615612865,-0.565103599381644,neutral
Mosquito,CAA,preferentially_used,2,Gln,1.17525629233488,0.466249682456363,2.23388689775216,-0.0991257715389368,0.571966022437646,neutral
Mosquito,CAC,infrequently_used,1,His,1.15008549871795,0.739003928205128,1.65113267948718,-0.0196239520287771,-0.454022610400326,neutral
Mosquito,CAG,non_preferentially_used,2,Gln,1.03257794247289,0.466727532915507,1.70664025438949,-0.0118469395692383,-0.591981764329078,neutral
Mosquito,CCA,preferentially_used,2,Pro,1.36577925742365,0.386138730583333,2.87352535159768,0.00281006380796322,1.18763317174569,neutral
Mosquito,CCA,frequently_used,1,Pro,1.36577925742365,0.386138730583333,2.87352535159768,0.00281006380796322,1.18763317174569,neutral
Mosquito,CCA,denguenized,3,Pro,1.36577925742365,0.386138730583333,2.87352535159768,0.00281006380796322,1.18763317174569,neutral
Mosquito,CCC,infrequently_used,1,Pro,0.97036428331367,0.268812531894204,2.21757330722708,0.0451495266124702,-0.0809098435393489,neutral
Mosquito,CCG,infrequently_used,1,Pro,1.05614031978794,0.306019915641731,2.36758761853919,-0.0102784268078718,-2.6598456048542,neutral
Mosquito,CCG,non_preferentially_used,2,Pro,1.05614031978794,0.306019915641731,2.36758761853919,-0.0102784268078718,-2.6598456048542,neutral
Mosquito,CCG,non_denguenized,3,Pro,1.05614031978794,0.306019915641731,2.36758761853919,-0.0102784268078718,-2.6598456048542,neutral
Mosquito,CCT,infrequently_used,1,Pro,1.21425683633233,0.251482967457218,2.73783976845443,-0.0562543148549978,0.0733878653685126,neutral
Mosquito,CGA,infrequently_used,1,Arg,1.11353960643671,0.231188186786933,2.45373133238246,-0.102291474577349,-1.55187977442353,neutral
Mosquito,CGA,non_denguenized,3,Arg,1.11353960643671,0.231188186786933,2.45373133238246,-0.102291474577349,-1.55187977442353,neutral
Mosquito,CGA,non_preferentially_used,2,Arg,1.11353960643671,0.231188186786933,2.45373133238246,-0.102291474577349,-1.55187977442353,neutral
Mosquito,CGC,infrequently_used,1,Arg,1.22188757205989,0.376592768441238,2.48378112845936,0.134148156780276,-1.29013498164842,neutral
Mosquito,CGC,non_denguenized,3,Arg,1.22188757205989,0.376592768441238,2.48378112845936,0.134148156780276,-1.29013498164842,neutral
Mosquito,CGC,non_preferentially_used,2,Arg,1.22188757205989,0.376592768441238,2.48378112845936,0.134148156780276,-1.29013498164842,neutral
Mosquito,CGG,non_denguenized,3,Arg,1.06819201682313,0.189921489129187,2.66784193979144,-0.115967797438378,-2.76366213176538,neutral
Mosquito,CGG,non_preferentially_used,2,Arg,1.06819201682313,0.189921489129187,2.66784193979144,-0.115967797438378,-2.76366213176538,neutral
Mosquito,CGG,infrequently_used,1,Arg,1.06819201682313,0.189921489129187,2.66784193979144,-0.115967797438378,-2.76366213176538,neutral
Mosquito,CGT,non_denguenized,3,Arg,0.731679574167826,0.168354189107338,1.64622928436333,0.155830804977972,-1.45540831865113,neutral
Mosquito,CGT,infrequently_used,1,Arg,0.731679574167826,0.168354189107338,1.64622928436333,0.155830804977972,-1.45540831865113,neutral
Mosquito,CGT,non_preferentially_used,2,Arg,0.731679574167826,0.168354189107338,1.64622928436333,0.155830804977972,-1.45540831865113,neutral
Mosquito,CTA,preferentially_used,2,Leu,1.21892473042673,0.437589129848064,2.35832437891589,-0.0627184213495922,0.84078744463868,neutral
Mosquito,CTG,non_preferentially_used,2,Leu,1.23737032201858,0.399262450067207,2.42930853145885,0.0799598852821137,-0.801721921262198,neutral
Mosquito,GAA,frequently_used,1,Glu,1.25197988618156,0.599765548525501,2.1874678064378,-0.121063799551141,0.313557744733191,neutral
Mosquito,GAC,frequently_used,1,Asp,1.18129219814815,0.679553993518519,1.82237003703704,-0.00458383862761151,0.341229807002363,neutral
Mosquito,GAG,frequently_used,1,Glu,0.932914355757576,0.383125114587273,1.66600518306061,-0.0583881224211927,-0.510054791020999,neutral
Mosquito,GAG,non_preferentially_used,2,Glu,0.932914355757576,0.383125114587273,1.66600518306061,-0.0583881224211927,-0.510054791020999,neutral
Mosquito,GCA,frequently_used,1,Ala,1.39366594249903,0.374933159442387,2.85590148521927,-0.0339809634339031,0.990365495849847,neutral
Mosquito,GCA,preferentially_used,2,Ala,1.39366594249903,0.374933159442387,2.85590148521927,-0.0339809634339031,0.990365495849847,neutral
Mosquito,GCA,denguenized,3,Ala,1.39366594249903,0.374933159442387,2.85590148521927,-0.0339809634339031,0.990365495849847,neutral
Mosquito,GCG,non_preferentially_used,2,Ala,1.23149747607948,0.298920928480601,2.8150184107753,-0.0618776948361588,-1.62748605152701,neutral
Mosquito,GCG,infrequently_used,1,Ala,1.23149747607948,0.298920928480601,2.8150184107753,-0.0618776948361588,-1.62748605152701,neutral
Mosquito,GCG,non_denguenized,3,Ala,1.23149747607948,0.298920928480601,2.8150184107753,-0.0618776948361588,-1.62748605152701,neutral
Mosquito,GGA,frequently_used,1,Gly,1.3579525123067,0.39825335870486,2.70619453467556,0.118005469274061,0.73186208228137,neutral
Mosquito,GGA,preferentially_used,2,Gly,1.3579525123067,0.39825335870486,2.70619453467556,0.118005469274061,0.73186208228137,neutral
Mosquito,GGA,denguenized,3,Gly,1.3579525123067,0.39825335870486,2.70619453467556,0.118005469274061,0.73186208228137,neutral
Mosquito,GGC,non_preferentially_used,2,Gly,1.14079128937703,0.241506250109576,2.51610215811882,0.12341526467042,-0.901453724060294,neutral
Mosquito,GGT,non_preferentially_used,2,Gly,0.790858583411542,0.129489786662767,2.12885716816322,0.138870446099128,-1.28132073905495,neutral
Mosquito,GTA,infrequently_used,1,Val,1.17891060631487,0.346381135508812,2.36795508415167,-0.0363509779912996,-0.234755556296955,neutral
Mosquito,GTG,frequently_used,1,Val,1.28966109975358,0.272233490138421,3.04738186030705,0.0192716124753211,0.185748484007952,neutral
Mosquito,TAT,infrequently_used,1,Tyr,0.507060291860465,0.316469178174419,0.704542395,-0.0564854041766154,0.305269477092286,deleterious
Mosquito,TCA,preferentially_used,2,Ser,1.23066306504593,0.328927440668923,2.38533385028955,-0.0750401250365538,1.67618011155548,neutral
Mosquito,TCC,infrequently_used,1,Ser,1.15154574948363,0.292771557406301,2.21641083648555,0.0106531314741232,-0.432008797874121,neutral
Mosquito,TCG,non_preferentially_used,2,Ser,0.958540797469326,0.223132489417833,2.03419311739216,-0.0121922558994318,-2.39388470537742,neutral
Mosquito,TCG,infrequently_used,1,Ser,0.958540797469326,0.223132489417833,2.03419311739216,-0.0121922558994318,-2.39388470537742,neutral
Mosquito,TCG,non_denguenized,3,Ser,0.958540797469326,0.223132489417833,2.03419311739216,-0.0121922558994318,-2.39388470537742,neutral
Mosquito,TCT,preferentially_used,2,Ser,0.987802824648266,0.199027355554587,2.20251408065901,-0.0618102294121487,0.738477246111117,neutral
Mosquito,TCT,infrequently_used,1,Ser,0.987802824648266,0.199027355554587,2.20251408065901,-0.0618102294121487,0.738477246111117,neutral
Mosquito,TGT,infrequently_used,1,Cys,0.476954223342581,0.258620503064516,0.763062080453387,-0.0492911585752977,0.122127935051711,deleterious
Mosquito,TTA,preferentially_used,2,Leu,0.890202566968167,0.341337329403655,1.60761156655059,-0.0757594117747243,1.26899897932913,neutral
