codon,zebrafish_csc,frog_csc,yeast_csc,fly_csc
AAA,-0.008674059,0.050391037,-0.192702703,-0.057368421
AAC,0.029539693,-0.001396628,0.078727273,0.048285714
AAG,0.070370379,0.161339752,0.141090909,0.23
AAT,-0.033410625,-0.021971321,-0.149567568,-0.185263158
ACA,-0.013020127,0.005042411,-0.180378378,-0.109473684
ACC,0.029223265,0.009702488,0.158909091,0.169428571
ACG,-0.024665118,-0.07068853,-0.205027027,-0.19
ACT,-0.015257139,0.013060607,0.185636364,-0.014736842
AGA,-0.027167598,-0.005124418,0.052,-0.066842105
AGC,-0.046921453,-0.143460785,-0.186540541,-0.133157895
AGG,-0.037522592,-0.018940629,-0.229675676,-0.043157895
AGT,-0.069758188,-0.05480898,-0.198864865,-0.175789474
ATA,-0.038174934,-0.064232172,-0.242,-0.152105263
ATC,0.047055753,0.044292259,0.15,0.118952381
ATG,0.014829895,0.01859914,-0.050972973,-0.071578947
ATT,0.025601273,0.030579256,0.060909091,-0.024210526
CAA,-0.056492002,-0.054317397,0.096545455,-0.137894737
CAC,-0.048695599,-0.020632836,0.087636364,-0.033684211
CAG,0.022472885,0.008365142,-0.168054054,-0.062105263
CAT,-0.039268288,-0.073472907,-0.069459459,-0.123684211
CCA,0.026609905,0.046382545,0.194545455,-0.052631579
CCC,0.051608976,-0.016816893,-0.087945946,0.139142857
CCG,-0.014881471,-0.033451318,-0.217351351,-0.161578947
CCT,0.035279431,0.018289704,-0.014,0.06847619
CGA,-0.021537973,-0.000218229,-0.235837838,-0.156842105
CGC,-0.011086572,0.037426585,-0.112594595,0.17952381
CGG,-0.03824833,-0.027363215,-0.143405405,-0.171052632
CGT,0.004841702,0.159493175,0.105454545,0.219904762
CTA,-0.013412415,-0.040162926,-0.161891892,-0.180526316
CTC,-0.007492182,-0.057911138,-0.174216216,-0.047894737
CTG,-0.008238284,-0.037932228,-0.211189189,-0.019473684
CTT,-0.022503806,0.002071656,-0.15572973,-0.104736842
GAA,0.018446625,0.053805659,0.114363636,-0.1
GAC,0.065804592,-0.01231566,0.069818182,-0.01
GAG,0.032446413,0.047771478,-0.124918919,0.018
GAT,0.051825295,0.06594556,-0.044810811,-0.095263158
GCA,0.03358917,0.036355064,-0.075621622,-0.085789474
GCC,0.049805135,0.033784928,0.203454545,0.199714286
GCG,-0.061586322,-0.036145873,-0.106432432,-0.147368421
GCT,0.009358653,0.113001037,0.248,0.209809524
GGA,0.058200971,0.040064035,-0.131081081,0.129047619
GGC,0.05640034,0.036252485,-0.020162162,0.108857143
GGG,0.009347454,-0.033086763,-0.094108108,-0.118947368
GGT,0.037209586,0.078945381,0.239090909,0.149238095
GTA,-0.012017672,0.064011951,-0.223513514,-0.081052632
GTC,0.017335932,0.0111239,0.230181818,0.189619048
GTG,-0.032226291,-0.039595491,-0.10027027,0.098761905
GTT,-0.035084207,0.040968978,0.212363636,0.078571429
TAC,0.044576045,-0.017557454,0.132181818,0.159333333
TAT,0.006761508,-0.013977644,-0.081783784,-0.076315789
TCA,-0.036490621,-0.046053102,-0.118756757,-0.166315789
TCC,-0.014568343,-0.023956282,0.167818182,0.058380952
TCG,-0.034856608,-0.065526564,-0.137243243,-0.142631579
TCT,-0.047268562,-0.019773881,0.176727273,0.038190476
TGC,-0.078763648,-0.131724974,-0.063297297,-0.038421053
TGG,-0.040366643,-0.059749343,-0.026324324,-0.028947368
TGT,-0.098706895,-0.100732424,-0.032486486,-0.090526316
TTA,-0.068730121,-0.029202989,-0.038648649,0.028095238
TTC,0.016213705,-0.064527987,0.123272727,0.088666667
TTG,-0.047798481,-0.037455292,0.221272727,-0.128421053
TTT,-0.003482347,-0.081470553,-0.057135135,-0.114210526