host,wtcodon,mutcodon,wt_aa,mut_aa,mean_wrel,sd_wrel,mean_wrel_lower,mean_wrel_upper,n,wtcodon_csc,wtcodon_rscu_fc,mutcodon_csc,mutcodon_rscu_fc,delta_csc,delta_rscu_fc,fitness_class
Human,AAA,AAG,Lys,Lys,0.887348621417198,0.377412433806409,0.406476292939541,1.46274753993928,271,-0.126257933333333,0.496094792614005,-0.0227162033333333,-0.573910835635923,0.10354173,-1.07000562824993,neutral
Human,AAC,AAT,Asn,Asn,0.395990882812069,0.193425381110084,0.159926140833333,0.682262815570186,150,0.0451138266666667,0.077846601751651,-0.0521624333333333,-0.0888788767154229,-0.09727626,-0.166725478467074,deleterious
Human,AAG,AAA,Lys,Lys,1.16041643571957,0.535035644478287,0.530864518958601,1.97434101088357,161,-0.0227162033333333,-0.573910835635923,-0.126257933333333,0.496094792614005,-0.10354173,1.07000562824993,neutral
Human,AAT,AAC,Asn,Asn,1.12020152957113,0.35741533481413,0.587883759278769,1.82417513660811,124,-0.0521624333333333,-0.0888788767154229,0.0451138266666667,0.077846601751651,0.09727626,0.166725478467074,neutral
Human,ACA,ACC,Thr,Thr,0.722465198594814,0.97536005339998,0.167311935877578,1.71063418026377,268,-0.0284036666666667,0.839039915372435,0.04905102,-0.770929765825733,0.0774546866666667,-1.60996968119817,neutral
Human,ACA,ACG,Thr,Thr,0.757990209817454,0.416038707127413,0.30831864076108,1.40903320952063,268,-0.0284036666666667,0.839039915372435,0.0533641266666667,0.133679300985441,0.0817677933333334,-0.705360614386994,neutral
Human,ACA,ACT,Thr,Thr,1.24747786825353,1.98217953110992,0.222223458756687,2.63930335252506,268,-0.0284036666666667,0.839039915372435,-0.120198133333333,-0.662666482119751,-0.0917944666666663,-1.50170639749219,neutral
Human,ACC,ACA,Thr,Thr,1.17885467273585,0.830837562423404,0.328099334037736,2.44948235471698,106,0.04905102,-0.770929765825733,-0.0284036666666667,0.839039915372435,-0.0774546866666667,1.60996968119817,neutral
Human,ACC,ACG,Thr,Thr,1.2167733009434,1.45104326978312,0.142369289056604,3.99899918207547,106,0.04905102,-0.770929765825733,0.0533641266666667,0.133679300985441,0.0043131066666667,0.904609066811174,neutral
Human,ACC,ACT,Thr,Thr,0.491400851216981,0.200048872365766,0.254252707377359,0.783748297169811,106,0.04905102,-0.770929765825733,-0.120198133333333,-0.662666482119751,-0.169249153333333,0.108263283705982,deleterious
Human,ACG,ACA,Thr,Thr,1.19988544841979,0.521709049549058,0.569027236875,1.97877520621458,64,0.0533641266666667,0.133679300985441,-0.0284036666666667,0.839039915372435,-0.0817677933333334,0.705360614386994,neutral
Human,ACG,ACC,Thr,Thr,0.778735650384037,0.788226954395553,0.22157205609375,1.4954172832496,64,0.0533641266666667,0.133679300985441,0.04905102,-0.770929765825733,-0.0043131066666667,-0.904609066811174,neutral
Human,ACG,ACT,Thr,Thr,0.957911094541183,0.593446929025629,0.295531151475328,1.8419187007461,64,0.0533641266666667,0.133679300985441,-0.120198133333333,-0.662666482119751,-0.17356226,-0.796345783105192,neutral
Human,ACT,ACA,Thr,Thr,1.62640581998767,2.75547381228663,0.385619387331429,3.34638448686631,84,-0.120198133333333,-0.662666482119751,-0.0284036666666667,0.839039915372435,0.0917944666666663,1.50170639749219,neutral
Human,ACT,ACC,Thr,Thr,1.17672714206298,0.456072363058432,0.616521070337154,1.87077493576186,84,-0.120198133333333,-0.662666482119751,0.04905102,-0.770929765825733,0.169249153333333,-0.108263283705982,neutral
Human,ACT,ACG,Thr,Thr,1.37294474059498,1.66259510508289,0.225195961904762,3.23475319140247,84,-0.120198133333333,-0.662666482119751,0.0533641266666667,0.133679300985441,0.17356226,0.796345783105192,neutral
Human,AGA,AGG,Arg,Arg,0.823154956042556,0.408701783204043,0.294880802988246,1.76446270169151,218,-0.1014676,1.37115411678829,-0.0457454666666667,-0.040652279880029,0.0557221333333333,-1.41180639666832,neutral
Human,AGA,CGA,Arg,Arg,0.910556381955591,0.821857393155367,0.188077769648487,1.97461437971145,218,-0.1014676,1.37115411678829,-0.0120124333333333,-0.587401988342703,0.0894551666666667,-1.95855610513099,neutral
Human,AGC,AGT,Ser,Ser,0.392803070588235,0.175384471644895,0.162131413867647,0.688243010294118,68,-0.0346864333333333,-0.432106506066355,-0.136706933333333,-0.0629081559238043,-0.1020205,0.369198350142551,deleterious
Human,AGG,AGA,Arg,Arg,1.44101331701851,1.09290036267692,0.550083486952144,2.63862848504929,80,-0.0457454666666667,-0.040652279880029,-0.1014676,1.37115411678829,-0.0557221333333333,1.41180639666832,neutral
Human,AGG,CGG,Arg,Arg,0.772631633062638,0.788084903909783,0.104520653470498,2.13005787022218,80,-0.0457454666666667,-0.040652279880029,0.0667344066666667,-2.49633220226874,0.112479873333333,-2.45567992238871,neutral
Human,AGT,AGC,Ser,Ser,1.20342958035714,0.422047246635018,0.628480990892857,2.004597075,56,-0.136706933333333,-0.0629081559238043,-0.0346864333333333,-0.432106506066355,0.1020205,-0.369198350142551,neutral
Human,ATA,ATC,Ile,Ile,0.954032865484679,1.76154258321579,0.173148541511774,2.56043683053103,170,-0.0389058,1.13129155776844,0.14312648,-0.417187447713012,0.18203228,-1.54847900548145,neutral
Human,ATA,ATT,Ile,Ile,1.15822645801273,0.967758204862726,0.278545285089763,2.44393411910706,170,-0.0389058,1.13129155776844,0.0167319366666667,-0.433810218410941,0.0556377366666667,-1.56510177617938,neutral
Human,ATC,ATA,Ile,Ile,1.23802057443702,2.71153179646932,0.2849990486,2.63517491443553,150,0.14312648,-0.417187447713012,-0.0389058,1.13129155776844,-0.18203228,1.54847900548145,neutral
Human,ATC,ATT,Ile,Ile,0.445620788773636,0.214245757646912,0.218597556941247,0.704429718367713,150,0.14312648,-0.417187447713012,0.0167319366666667,-0.433810218410941,-0.126394543333333,-0.0166227706979289,deleterious
Human,ATT,ATA,Ile,Ile,1.29663528426418,0.921107277168379,0.403707811326927,2.44055832185611,120,0.0167319366666667,-0.433810218410941,-0.0389058,1.13129155776844,-0.0556377366666667,1.56510177617938,neutral
Human,ATT,ATC,Ile,Ile,1.12846220415828,0.352272868967602,0.650067364840048,1.8368994256594,120,0.0167319366666667,-0.433810218410941,0.14312648,-0.417187447713012,0.126394543333333,0.0166227706979289,neutral
Human,CAA,CAG,Gln,Gln,0.835714317748739,0.357654316171653,0.39100425337508,1.37667538157418,124,-0.0983746666666667,1.16889651622181,0.00850654666666667,-0.89578330997732,0.106881213333333,-2.06467982619913,neutral
Human,CAC,CAT,His,His,0.484895941964286,0.192181346747739,0.260749079464286,0.735682494285714,56,-0.1095711,-0.457332293686077,-0.174088566666667,0.449681116465419,-0.064517466666667,0.907013410151496,deleterious
Human,CAG,CAA,Gln,Gln,1.09191740515883,0.423918143493581,0.483352419252324,2.02992231558169,80,0.00850654666666667,-0.89578330997732,-0.0983746666666667,1.16889651622181,-0.106881213333333,2.06467982619913,neutral
Human,CAT,CAC,His,His,1.10714211538462,0.241092104582689,0.64452193974359,1.63768270128205,78,-0.174088566666667,0.449681116465419,-0.1095711,-0.457332293686077,0.064517466666667,-0.907013410151496,neutral
Human,CCA,CCC,Pro,Pro,0.783398615169232,1.17616413121402,0.183865277955711,1.68756847615011,172,-0.0378252,1.09251226614006,0.01083753,-0.797708543213176,0.04866273,-1.89022080935324,neutral
Human,CCA,CCG,Pro,Pro,0.763678486454386,0.460392557699945,0.259644820491688,1.44708678781295,172,-0.0378252,1.09251226614006,-0.0368366333333333,-0.922039401054675,0.000988566666666704,-2.01455166719473,neutral
Human,CCA,CCT,Pro,Pro,1.12628332535455,1.12525915110372,0.24851071523725,2.45270621284655,172,-0.0378252,1.09251226614006,-0.0495804,-0.79640950332836,-0.0117552,-1.88892176946842,neutral
Human,CCC,CCA,Pro,Pro,1.46371193333333,1.06694813908635,0.331139183333333,2.87426375185185,54,0.01083753,-0.797708543213176,-0.0378252,1.09251226614006,-0.04866273,1.89022080935324,neutral
Human,CCC,CCG,Pro,Pro,1.58172591296296,2.88638975265734,0.200951363148148,3.90586994444444,54,0.01083753,-0.797708543213176,-0.0368366333333333,-0.922039401054675,-0.0476741633333333,-0.124330857841499,neutral
Human,CCC,CCT,Pro,Pro,0.515747938888889,0.206547522025507,0.292496637777778,0.800033428703704,54,0.01083753,-0.797708543213176,-0.0495804,-0.79640950332836,-0.06041793,0.00129903988481594,deleterious
Human,CCG,CCA,Pro,Pro,1.16467662222222,0.328908238071866,0.665661361111111,1.64004755555556,18,-0.0368366333333333,-0.922039401054675,-0.0378252,1.09251226614006,-0.000988566666666704,2.01455166719473,neutral
Human,CCG,CCC,Pro,Pro,1.10380390388889,1.10613509696879,0.145492469222222,2.50758132222222,18,-0.0368366333333333,-0.922039401054675,0.01083753,-0.797708543213176,0.0476741633333333,0.124330857841499,neutral
Human,CCG,CCT,Pro,Pro,0.970954188888889,0.331237803031989,0.379197167777778,1.94325244444444,18,-0.0368366333333333,-0.922039401054675,-0.0495804,-0.79640950332836,-0.0127437666666667,0.125629897726315,neutral
Human,CCT,CCA,Pro,Pro,1.21823665682761,0.752184853836205,0.399319055694336,2.23664686488611,48,-0.0495804,-0.79640950332836,-0.0378252,1.09251226614006,0.0117552,1.88892176946842,neutral
Human,CCT,CCC,Pro,Pro,1.13147450905735,0.306584750929678,0.646051883833426,1.62459632452738,48,-0.0495804,-0.79640950332836,0.01083753,-0.797708543213176,0.06041793,-0.00129903988481594,neutral
Human,CCT,CCG,Pro,Pro,1.85654005630478,2.6489926723886,0.235433120833333,3.77521136225302,48,-0.0495804,-0.79640950332836,-0.0368366333333333,-0.922039401054675,0.0127437666666667,-0.125629897726315,neutral
Human,CGA,AGA,Arg,Arg,1.92887513576827,2.8426730844048,0.436137212895744,3.47073639941151,28,-0.0120124333333333,-0.587401988342703,-0.1014676,1.37115411678829,-0.0894551666666667,1.95855610513099,neutral
Human,CGA,CGC,Arg,Arg,1.5811644657398,2.37395878711686,0.209475938489828,3.26386579988671,28,-0.0120124333333333,-0.587401988342703,-0.062132,-1.35383631660491,-0.0501195666666667,-0.766434328262207,neutral
Human,CGA,CGG,Arg,Arg,0.841271752468109,0.58421903403019,0.408794786960722,1.53826597667497,28,-0.0120124333333333,-0.587401988342703,0.0667344066666667,-2.49633220226874,0.07874684,-1.90893021392604,neutral
Human,CGA,CGT,Arg,Arg,0.824765294001691,0.62475775218216,0.2136178755,1.57429299853403,28,-0.0120124333333333,-0.587401988342703,-0.0389102333333333,-0.485775948823348,-0.0268978,0.101626039519355,neutral
Human,CGC,CGA,Arg,Arg,1.26584359325767,1.40712316670266,0.204298534449429,3.03913946062105,28,-0.062132,-1.35383631660491,-0.0120124333333333,-0.587401988342703,0.0501195666666667,0.766434328262207,neutral
Human,CGC,CGG,Arg,Arg,1.72101054423786,2.36860896755337,0.186061661785714,3.91863826586253,28,-0.062132,-1.35383631660491,0.0667344066666667,-2.49633220226874,0.128866406666667,-1.14249588566383,neutral
Human,CGC,CGT,Arg,Arg,0.497109885649853,0.174548656261176,0.208827136667993,0.814209370077847,28,-0.062132,-1.35383631660491,-0.0389102333333333,-0.485775948823348,0.0232217666666667,0.868060367781562,deleterious
Human,CGG,AGG,Arg,Arg,1.85961107857143,1.59719835907128,0.327538355714286,3.81727664285714,14,0.0667344066666667,-2.49633220226874,-0.0457454666666667,-0.040652279880029,-0.112479873333333,2.45567992238871,neutral
Human,CGG,CGA,Arg,Arg,1.09859023278623,0.272765021464834,0.618556895267375,1.96691879536271,14,0.0667344066666667,-2.49633220226874,-0.0120124333333333,-0.587401988342703,-0.07874684,1.90893021392604,neutral
Human,CGG,CGC,Arg,Arg,0.875015500988278,0.803014749662167,0.0645610457142857,2.03306112243131,14,0.0667344066666667,-2.49633220226874,-0.062132,-1.35383631660491,-0.128866406666667,1.14249588566383,neutral
Human,CGG,CGT,Arg,Arg,1.07151025213724,0.934340038483515,0.119527609285714,2.12900679839277,14,0.0667344066666667,-2.49633220226874,-0.0389102333333333,-0.485775948823348,-0.10564464,2.01055625344539,neutral
Human,CGT,CGA,Arg,Arg,0.951883532683361,0.676784948187457,0.28831487703392,1.89261720848928,22,-0.0389102333333333,-0.485775948823348,-0.0120124333333333,-0.587401988342703,0.0268978,-0.101626039519355,neutral
Human,CGT,CGC,Arg,Arg,1.15351900815024,0.262462735114963,0.678266017987575,1.70022351176826,22,-0.0389102333333333,-0.485775948823348,-0.062132,-1.35383631660491,-0.0232217666666667,-0.868060367781562,neutral
Human,CGT,CGG,Arg,Arg,1.15007394277363,1.15049057764335,0.2556669,2.57196539291035,22,-0.0389102333333333,-0.485775948823348,0.0667344066666667,-2.49633220226874,0.10564464,-2.01055625344539,neutral
Human,CTA,CTC,Leu,Leu,0.91776024022195,1.12678525284663,0.179167135454545,2.17228300021982,110,-0.0180649666666667,1.28382598134055,0.09029217,-0.14991114907417,0.108357136666667,-1.43373713041472,neutral
Human,CTA,CTG,Leu,Leu,0.915297398581927,0.363866173229888,0.411838314828374,1.53799426321182,110,-0.0180649666666667,1.28382598134055,0.122084703333333,-0.836535573999127,0.14014967,-2.12036155533968,neutral
Human,CTA,CTT,Leu,Leu,1.1666968714855,1.89143012046119,0.235730003537273,2.43334230447468,110,-0.0180649666666667,1.28382598134055,-0.0641507666666667,-0.492506772074943,-0.0460858,-1.77633275341549,neutral
Human,CTA,TTA,Leu,Leu,0.389686123079069,0.187130986568803,0.157568586295694,0.665346769093449,110,-0.0180649666666667,1.28382598134055,-0.0748496666666667,0.748503280552163,-0.0567847,-0.535322700788387,deleterious
Human,CTC,CTA,Leu,Leu,1.26689071583333,1.38446438586111,0.280911636851852,3.28053658611111,108,0.09029217,-0.14991114907417,-0.0180649666666667,1.28382598134055,-0.108357136666667,1.43373713041472,neutral
Human,CTC,CTG,Leu,Leu,1.08890351203704,1.30093798825264,0.153888739814815,2.82516202314815,108,0.09029217,-0.14991114907417,0.122084703333333,-0.836535573999127,0.031792533333333,-0.686624424924957,neutral
Human,CTC,CTT,Leu,Leu,0.486454835,0.242549850475382,0.248246851731481,0.797685986388889,108,0.09029217,-0.14991114907417,-0.0641507666666667,-0.492506772074943,-0.154442936666667,-0.342595623000773,deleterious
Human,CTG,CTA,Leu,Leu,1.11665711589998,0.45263007860834,0.500299160089977,1.92461349297071,138,0.122084703333333,-0.836535573999127,-0.0180649666666667,1.28382598134055,-0.14014967,2.12036155533968,neutral
Human,CTG,CTC,Leu,Leu,0.977382587424957,1.09431519830622,0.234307017999551,2.24509457203859,138,0.122084703333333,-0.836535573999127,0.09029217,-0.14991114907417,-0.031792533333333,0.686624424924957,neutral
Human,CTG,CTT,Leu,Leu,0.932897198989501,0.832515481072616,0.194987294065884,1.91197914633187,138,0.122084703333333,-0.836535573999127,-0.0641507666666667,-0.492506772074943,-0.18623547,0.344028801924184,neutral
Human,CTG,TTG,Leu,Leu,0.444846125245949,0.222289022759499,0.207225467200764,0.745639288456799,136,0.122084703333333,-0.836535573999127,-0.0186503,0.639809102981019,-0.140735003333333,1.47634467698015,deleterious
Human,CTT,CTA,Leu,Leu,1.42001672731174,1.30635506851919,0.266089313275352,2.84273607792481,60,-0.0641507666666667,-0.492506772074943,-0.0180649666666667,1.28382598134055,0.0460858,1.77633275341549,neutral
Human,CTT,CTC,Leu,Leu,1.1471733275417,0.430531939590852,0.615365285960972,1.84537708669951,60,-0.0641507666666667,-0.492506772074943,0.09029217,-0.14991114907417,0.154442936666667,0.342595623000773,neutral
Human,CTT,CTG,Leu,Leu,1.267775745716,1.13586732275304,0.222908554511382,2.91867459874354,60,-0.0641507666666667,-0.492506772074943,0.122084703333333,-0.836535573999127,0.18623547,-0.344028801924184,neutral
Human,GAA,GAG,Glu,Glu,0.84543101330303,0.439460174869168,0.366526277151515,1.43306546606061,330,-0.0507046333333333,0.664553960122141,0.0537203966666667,-0.849095228352369,0.10442503,-1.51364918847451,neutral
Human,GAC,GAT,Asp,Asp,0.451379427388535,0.201350429102175,0.185646251324841,0.762808973821656,157,0.10221857,0.166155070606647,0.0339287266666667,-0.213065863259834,-0.0682898433333333,-0.379220933866481,deleterious
Human,GAG,GAA,Glu,Glu,1.13337416920957,0.421679283023562,0.558583254902932,1.8773057179891,151,0.0537203966666667,-0.849095228352369,-0.0507046333333333,0.664553960122141,-0.10442503,1.51364918847451,neutral
Human,GAT,GAC,Asp,Asp,1.17729965648148,0.42595119733092,0.666409383796296,1.92919681018519,108,0.0339287266666667,-0.213065863259834,0.10221857,0.166155070606647,0.0682898433333333,0.379220933866481,neutral
Human,GCA,GCC,Ala,Ala,1.09635425857474,1.48588122385256,0.221485894344325,2.35642121797702,182,0.0353554433333333,0.824726921883642,0.0734844066666667,-0.437030752363846,0.0381289633333334,-1.26175767424749,neutral
Human,GCA,GCG,Ala,Ala,0.873021691857113,0.461001935299279,0.34208467849901,1.70455235237463,182,0.0353554433333333,0.824726921883642,-0.0237521,-0.616288343046503,-0.0591075433333333,-1.44101526493015,neutral
Human,GCA,GCT,Ala,Ala,1.16698840763487,0.862527269634361,0.343038689489752,2.45246811923035,182,0.0353554433333333,0.824726921883642,0.0234937633333333,-0.203938748399241,-0.01186168,-1.02866567028288,neutral
Human,GCC,GCA,Ala,Ala,1.38689851305207,1.08012699454317,0.303134490833333,3.0242653384044,132,0.0734844066666667,-0.437030752363846,0.0353554433333333,0.824726921883642,-0.0381289633333334,1.26175767424749,neutral
Human,GCC,GCG,Ala,Ala,2.15395509066631,3.50982924985715,0.15064978030303,4.60275523807843,132,0.0734844066666667,-0.437030752363846,-0.0237521,-0.616288343046503,-0.0972365066666667,-0.179257590682657,neutral
Human,GCC,GCT,Ala,Ala,0.479107359707891,0.220887550313827,0.240452408228416,0.766376545172321,132,0.0734844066666667,-0.437030752363846,0.0234937633333333,-0.203938748399241,-0.0499906433333334,0.233092003964605,deleterious
Human,GCG,GCA,Ala,Ala,1.13520516396372,0.245753072811621,0.674988682998954,1.65132122855572,32,-0.0237521,-0.616288343046503,0.0353554433333333,0.824726921883642,0.0591075433333333,1.44101526493015,neutral
Human,GCG,GCC,Ala,Ala,1.3455442476816,0.944320948745082,0.248391415682344,2.52853830862227,32,-0.0237521,-0.616288343046503,0.0734844066666667,-0.437030752363846,0.0972365066666667,0.179257590682657,neutral
Human,GCG,GCT,Ala,Ala,1.34081577080952,1.07819958060976,0.374940773271552,2.75249416675069,32,-0.0237521,-0.616288343046503,0.0234937633333333,-0.203938748399241,0.0472458633333333,0.412349594647262,neutral
Human,GCT,GCA,Ala,Ala,1.46828540477913,1.73078359699187,0.392350713707313,3.04744054026109,102,0.0234937633333333,-0.203938748399241,0.0353554433333333,0.824726921883642,0.01186168,1.02866567028288,neutral
Human,GCT,GCC,Ala,Ala,1.1972176992938,0.548389885693189,0.61464747871263,1.87005560277554,102,0.0234937633333333,-0.203938748399241,0.0734844066666667,-0.437030752363846,0.0499906433333334,-0.233092003964605,neutral
Human,GCT,GCG,Ala,Ala,1.81343748084959,2.96782346364346,0.155000375490196,4.03256256623053,102,0.0234937633333333,-0.203938748399241,-0.0237521,-0.616288343046503,-0.0472458633333333,-0.412349594647262,neutral
Human,GGA,GGC,Gly,Gly,1.14186016140065,1.44157709572593,0.192876172664707,2.56186614876663,314,0.00406105666666667,1.18585640415826,0.0309545066666667,-1.28669852363725,0.02689345,-2.47255492779551,neutral
Human,GGA,GGG,Gly,Gly,0.716422452312673,0.429778178187379,0.249292081619991,1.29524794979617,312,0.00406105666666667,1.18585640415826,0.0458873266666667,-0.442932229608369,0.04182627,-1.62878863376663,neutral
Human,GGA,GGT,Gly,Gly,0.914149657302464,1.29192052971113,0.139266950111821,2.21013693295139,314,0.00406105666666667,1.18585640415826,-0.000453206666666666,-0.611645940792881,-0.00451426333333334,-1.79750234495114,neutral
Human,GGC,GGA,Gly,Gly,1.30986508355263,1.0260768173165,0.338082506355263,3.07583238947368,76,0.0309545066666667,-1.28669852363725,0.00406105666666667,1.18585640415826,-0.02689345,2.47255492779551,neutral
Human,GGC,GGG,Gly,Gly,1.21914379210526,1.17742575954849,0.245780110921053,2.84241458552632,76,0.0309545066666667,-1.28669852363725,0.0458873266666667,-0.442932229608369,0.01493282,0.843766294028881,neutral
Human,GGC,GGT,Gly,Gly,0.381391138157895,0.258723265801702,0.180690550052632,0.680039755394737,76,0.0309545066666667,-1.28669852363725,-0.000453206666666666,-0.611645940792881,-0.0314077133333334,0.675052582844369,deleterious
Human,GGG,GGA,Gly,Gly,1.3538491903551,1.53705382035645,0.556257291981151,2.21311500902335,100,0.0458873266666667,-0.442932229608369,0.00406105666666667,1.18585640415826,-0.04182627,1.62878863376663,neutral
Human,GGG,GGC,Gly,Gly,1.13996539291658,1.16212054100838,0.208147763300546,2.59531388394407,100,0.0458873266666667,-0.442932229608369,0.0309545066666667,-1.28669852363725,-0.01493282,-0.843766294028881,neutral
Human,GGG,GGT,Gly,Gly,0.973165101517508,1.24210205477321,0.2091721982,2.01081261835424,100,0.0458873266666667,-0.442932229608369,-0.000453206666666666,-0.611645940792881,-0.0463405333333334,-0.168713711184512,neutral
Human,GGT,GGA,Gly,Gly,1.30786134137931,0.744413592615271,0.388225509827586,2.40191629137931,58,-0.000453206666666666,-0.611645940792881,0.00406105666666667,1.18585640415826,0.00451426333333334,1.79750234495114,neutral
Human,GGT,GGC,Gly,Gly,1.15459044827586,0.316353421096038,0.654923289655172,1.91132426551724,58,-0.000453206666666666,-0.611645940792881,0.0309545066666667,-1.28669852363725,0.0314077133333334,-0.675052582844369,neutral
Human,GGT,GGG,Gly,Gly,1.90346324068966,2.74094487191217,0.26390705,4.36712585862069,58,-0.000453206666666666,-0.611645940792881,0.0458873266666667,-0.442932229608369,0.0463405333333334,0.168713711184512,neutral
Human,GTA,GTC,Val,Val,1.22835291518889,1.9948935355247,0.218632219259259,3.4267393537037,54,-0.0212510333333333,0.0426453668919528,0.1278281,-0.0546370809855851,0.149079133333333,-0.0972824478775379,neutral
Human,GTA,GTG,Val,Val,0.964625288888889,0.3225292250109,0.564592548148148,1.5207119,54,-0.0212510333333333,0.0426453668919528,0.137305863333333,-0.131221815798289,0.158556896666666,-0.173867182690242,neutral
Human,GTA,GTT,Val,Val,1.59972880925926,2.00905396077318,0.376177962962963,3.85312841111111,54,-0.0212510333333333,0.0426453668919528,-0.00715746,0.313655038166393,0.0140935733333333,0.27100967127444,neutral
Human,GTC,GTA,Val,Val,1.28232690142857,3.24957174007719,0.232598783673469,2.95747369510204,98,0.1278281,-0.0546370809855851,-0.0212510333333333,0.0426453668919528,-0.149079133333333,0.0972824478775379,neutral
Human,GTC,GTG,Val,Val,1.19443224183673,1.35968266409031,0.206241434387755,3.00283349693878,98,0.1278281,-0.0546370809855851,0.137305863333333,-0.131221815798289,0.009477763333333,-0.0765847348127039,neutral
Human,GTC,GTT,Val,Val,0.478018354081633,0.226101040346597,0.254984476817449,0.751610870408163,98,0.1278281,-0.0546370809855851,-0.00715746,0.313655038166393,-0.13498556,0.368292119151978,deleterious
Human,GTG,GTA,Val,Val,1.20509982852281,0.670329345468685,0.4306781946964,2.18239318910299,182,0.137305863333333,-0.131221815798289,-0.0212510333333333,0.0426453668919528,-0.158556896666666,0.173867182690242,neutral
Human,GTG,GTC,Val,Val,0.829285831608124,0.652073359527489,0.204780499077327,1.73602370021197,182,0.137305863333333,-0.131221815798289,0.1278281,-0.0546370809855851,-0.009477763333333,0.0765847348127039,neutral
Human,GTG,GTT,Val,Val,0.922276462888729,1.34305649866456,0.238661797302788,1.97079072302883,182,0.137305863333333,-0.131221815798289,-0.00715746,0.313655038166393,-0.144463323333333,0.444876853964682,neutral
Human,GTT,GTA,Val,Val,1.34539504905508,0.975131714070931,0.390467280447297,2.78089257290064,100,-0.00715746,0.313655038166393,-0.0212510333333333,0.0426453668919528,-0.0140935733333333,-0.27100967127444,neutral
Human,GTT,GTC,Val,Val,1.16929568677337,0.421730727531705,0.634299761492304,1.97094626740173,100,-0.00715746,0.313655038166393,0.1278281,-0.0546370809855851,0.13498556,-0.368292119151978,neutral
Human,GTT,GTG,Val,Val,1.26104038125062,1.29113224380095,0.191236186877038,2.76341419597621,100,-0.00715746,0.313655038166393,0.137305863333333,-0.131221815798289,0.144463323333333,-0.444876853964682,neutral
Human,TAC,TAT,Tyr,Tyr,0.443653373604651,0.20563064124764,0.196161711974419,0.717448584883721,86,0.0791173133333333,0.126308849722749,0.000234583333333334,-0.169021863068449,-0.07888273,-0.295330712791198,deleterious
Human,TAT,TAC,Tyr,Tyr,1.13221044827586,0.231423860396656,0.694856987931034,1.78310820344828,58,0.000234583333333334,-0.169021863068449,0.0791173133333333,0.126308849722749,0.07888273,0.295330712791198,neutral
Human,TCA,TCC,Ser,Ser,0.757250216017147,1.54107533856014,0.1547534505,2.21151256509766,128,-0.129959233333333,1.1139280792704,-0.0242778666666667,-0.542043286665598,0.105681366666666,-1.655971365936,neutral
Human,TCA,TCG,Ser,Ser,0.782441165857223,0.578434845095229,0.252935865599452,1.46438739298274,128,-0.129959233333333,1.1139280792704,-0.0380251,-0.225647861598747,0.091934133333333,-1.33957594086915,neutral
Human,TCA,TCT,Ser,Ser,1.10306445926303,1.20108836132427,0.182023718131452,2.42894396336994,128,-0.129959233333333,1.1139280792704,-0.112755433333333,-0.31259872515157,0.0172038,-1.42652680442197,neutral
Human,TCC,TCA,Ser,Ser,1.30096190178571,1.27606970684558,0.350207326785714,2.99919994464286,56,-0.0242778666666667,-0.542043286665598,-0.129959233333333,1.1139280792704,-0.105681366666666,1.655971365936,neutral
Human,TCC,TCG,Ser,Ser,0.960037469642857,0.918760766211128,0.138028953035714,2.14884939285714,56,-0.0242778666666667,-0.542043286665598,-0.0380251,-0.225647861598747,-0.0137472333333333,0.316395425066851,neutral
Human,TCC,TCT,Ser,Ser,0.496452592857143,0.206858910963468,0.268599176410714,0.7605819875,56,-0.0242778666666667,-0.542043286665598,-0.112755433333333,-0.31259872515157,-0.0884775666666663,0.229444561514028,deleterious
Human,TCG,TCA,Ser,Ser,1.07548184769457,0.221649501983858,0.617532233139804,1.62045404042667,18,-0.0380251,-0.225647861598747,-0.129959233333333,1.1139280792704,-0.091934133333333,1.33957594086915,neutral
Human,TCG,TCC,Ser,Ser,0.572983961587427,0.506794201630714,0.209379896179723,1.14200197509505,18,-0.0380251,-0.225647861598747,-0.0242778666666667,-0.542043286665598,0.0137472333333333,-0.316395425066851,neutral
Human,TCG,TCT,Ser,Ser,1.00426908150148,1.14479094901604,0.24586206603072,1.86057222099871,18,-0.0380251,-0.225647861598747,-0.112755433333333,-0.31259872515157,-0.074730333333333,-0.086950863552823,neutral
Human,TCT,TCA,Ser,Ser,1.05622427603448,0.724315343950687,0.268460451206897,3.03724745517241,58,-0.112755433333333,-0.31259872515157,-0.129959233333333,1.1139280792704,-0.0172038,1.42652680442197,neutral
Human,TCT,TCC,Ser,Ser,1.13486960689655,0.300646340233003,0.6646338,1.75656344310345,58,-0.112755433333333,-0.31259872515157,-0.0242778666666667,-0.542043286665598,0.0884775666666663,-0.229444561514028,neutral
Human,TCT,TCG,Ser,Ser,1.62633198103448,2.58183052763503,0.215471902931034,3.92786952931034,58,-0.112755433333333,-0.31259872515157,-0.0380251,-0.225647861598747,0.074730333333333,0.086950863552823,neutral
Human,TGC,TGT,Cys,Cys,0.473692319354839,0.197211418611174,0.231218747354839,0.832143038709677,62,-0.00282285666666667,0.0258347049659359,-0.165457966666667,-0.0302102358600016,-0.16263511,-0.0560449408259375,deleterious
Human,TGT,TGC,Cys,Cys,1.17851227884615,0.397068081048112,0.720737480769231,1.86866305576923,52,-0.165457966666667,-0.0302102358600016,-0.00282285666666667,0.0258347049659359,0.16263511,0.0560449408259375,neutral
Human,TTA,CTA,Leu,Leu,1.34710106181405,0.546731906352634,0.672435584549483,2.19646262935501,84,-0.0748496666666667,0.748503280552163,-0.0180649666666667,1.28382598134055,0.0567847,0.535322700788387,neutral
Human,TTA,TTG,Leu,Leu,1.00294360354627,0.365932748080065,0.532798605972827,1.55536568185894,84,-0.0748496666666667,0.748503280552163,-0.0186503,0.639809102981019,0.0561993666666667,-0.108694177571144,neutral
Human,TTC,TTT,Phe,Phe,0.405511168585394,0.238515002269725,0.187535418841166,0.696606694963581,110,0.118292153333333,0.0515785474006845,-0.00518835,-0.0606346231584468,-0.123480503333333,-0.112213170559131,deleterious
Human,TTG,CTG,Leu,Leu,1.20967481981214,0.403740365532554,0.641978646348085,1.8119621268276,128,-0.0186503,0.639809102981019,0.122084703333333,-0.836535573999127,0.140735003333333,-1.47634467698015,neutral
Human,TTG,TTA,Leu,Leu,1.13074687500342,0.697903063073335,0.441885252021979,2.05391225400141,128,-0.0186503,0.639809102981019,-0.0748496666666667,0.748503280552163,-0.0561993666666667,0.108694177571144,neutral
Human,TTT,TTC,Phe,Phe,1.19542764777778,0.36603398444449,0.654723582066667,1.85290897777778,90,-0.00518835,-0.0606346231584468,0.118292153333333,0.0515785474006845,0.123480503333333,0.112213170559131,neutral
Mosquito,AAA,AAG,Lys,Lys,0.938505273784229,0.408360958326069,0.42792350939278,1.59221584853387,271,-0.165374894609212,0.545297268813693,0.0809115681488351,-0.612087116975488,0.246286462758047,-1.15738438578918,neutral
Mosquito,AAC,AAT,Asn,Asn,0.409455456229116,0.210203566097391,0.241331096502352,0.641871667647621,150,0.0863821240882341,-0.145261397613136,-0.0986739411068644,0.197835504825131,-0.185056065195098,0.343096902438267,deleterious
Mosquito,AAG,AAA,Lys,Lys,1.17393284647839,0.59101712127431,0.561306250060628,2.0265921235658,161,0.0809115681488351,-0.612087116975488,-0.165374894609212,0.545297268813693,-0.246286462758047,1.15738438578918,neutral
Mosquito,AAT,AAC,Asn,Asn,1.14616236912437,0.397753843765473,0.641173399084027,1.82550241398883,124,-0.0986739411068644,0.197835504825131,0.0863821240882341,-0.145261397613136,0.185056065195098,-0.343096902438267,neutral
Mosquito,ACA,ACC,Thr,Thr,0.8324024850182,0.81707283745849,0.164370137398407,1.8335470029612,268,-0.0530006932368602,1.5958704158271,0.126802912249401,-0.772979218439043,0.179803605486261,-2.36884963426614,neutral
Mosquito,ACA,ACG,Thr,Thr,0.962199794667998,0.446609957901318,0.370090415408341,1.72216625848402,268,-0.0530006932368602,1.5958704158271,-0.0663385342753667,-1.34534885132673,-0.0133378410385065,-2.94121926715383,neutral
Mosquito,ACA,ACT,Thr,Thr,1.34043139807832,1.79504680357216,0.236860938779656,3.08491829324502,268,-0.0530006932368602,1.5958704158271,-0.0168434030644516,-0.0929266626308317,0.0361572901724086,-1.68879707845793,neutral
Mosquito,ACC,ACA,Thr,Thr,1.21023887820755,0.767449491252398,0.325849698207547,2.40226141037736,106,0.126802912249401,-0.772979218439043,-0.0530006932368602,1.5958704158271,-0.179803605486261,2.36884963426614,neutral
Mosquito,ACC,ACG,Thr,Thr,1.19297709603774,2.88778712338866,0.108119936509434,4.26469183443396,106,0.126802912249401,-0.772979218439043,-0.0663385342753667,-1.34534885132673,-0.193141446524768,-0.572369632887687,neutral
Mosquito,ACC,ACT,Thr,Thr,0.429940094226415,0.198688177439246,0.255807054443396,0.65285223990566,106,0.126802912249401,-0.772979218439043,-0.0168434030644516,-0.0929266626308317,-0.143646315313853,0.680052555808211,deleterious
Mosquito,ACG,ACA,Thr,Thr,1.18431268659425,0.529398463676562,0.5154937175,2.07533496242021,64,-0.0663385342753667,-1.34534885132673,-0.0530006932368602,1.5958704158271,0.0133378410385065,2.94121926715383,neutral
Mosquito,ACG,ACC,Thr,Thr,1.26114643814341,1.38752437764378,0.19112679359375,2.68308947793071,64,-0.0663385342753667,-1.34534885132673,0.126802912249401,-0.772979218439043,0.193141446524768,0.572369632887687,neutral
Mosquito,ACG,ACT,Thr,Thr,0.771536610452435,0.525353498893187,0.229980808772942,1.38964210195582,64,-0.0663385342753667,-1.34534885132673,-0.0168434030644516,-0.0929266626308317,0.0494951312109151,1.2524221886959,neutral
Mosquito,ACT,ACA,Thr,Thr,1.26366205898661,0.719265074364698,0.413436430003472,2.33170987248877,84,-0.0168434030644516,-0.0929266626308317,-0.0530006932368602,1.5958704158271,-0.0361572901724086,1.68879707845793,neutral
Mosquito,ACT,ACC,Thr,Thr,1.15466743946143,0.374992914716506,0.658806907547835,1.78582975782303,84,-0.0168434030644516,-0.0929266626308317,0.126802912249401,-0.772979218439043,0.143646315313853,-0.680052555808211,neutral
Mosquito,ACT,ACG,Thr,Thr,1.79310365788103,1.55782404625726,0.226099394047619,4.31859820123826,84,-0.0168434030644516,-0.0929266626308317,-0.0663385342753667,-1.34534885132673,-0.0494951312109151,-1.2524221886959,neutral
Mosquito,AGA,AGG,Arg,Arg,0.876564742257944,0.479111084025136,0.317640718778582,1.6128389296298,218,-0.0291743006616932,2.33202872295502,-0.0873985122423425,0.974042739664599,-0.0582242115806493,-1.35798598329042,neutral
Mosquito,AGA,CGA,Arg,Arg,1.11622424790071,0.99779450015835,0.22669348015048,2.51941580039017,218,-0.0291743006616932,2.33202872295502,-0.102291474577349,-1.55187977442353,-0.0731171739156558,-3.88390849737855,neutral
Mosquito,AGC,AGT,Ser,Ser,0.383546726701471,0.218506129766714,0.230693791323529,0.583235818382353,68,-0.0553543130562107,-0.180071551372547,-0.138439512565751,-0.146634603394513,-0.0830851995095403,0.033436947978034,deleterious
Mosquito,AGG,AGA,Arg,Arg,1.16944742106775,0.564508000484036,0.523260985387699,2.06825631674046,80,-0.0873985122423425,0.974042739664599,-0.0291743006616932,2.33202872295502,0.0582242115806493,1.35798598329042,neutral
Mosquito,AGG,CGG,Arg,Arg,1.08568147685847,0.956262563448619,0.141340402974356,2.70884323373128,80,-0.0873985122423425,0.974042739664599,-0.115967797438378,-2.76366213176538,-0.0285692851960355,-3.73770487142998,neutral
Mosquito,AGT,AGC,Ser,Ser,1.33604730178571,0.824735645020118,0.723624014285714,2.16283455357143,56,-0.138439512565751,-0.146634603394513,-0.0553543130562107,-0.180071551372547,0.0830851995095403,-0.033436947978034,neutral
Mosquito,ATA,ATC,Ile,Ile,0.81331624154804,0.911920250150111,0.149793069449666,2.15188314245961,170,-0.144473143571114,1.24250969765617,0.125270615612865,-0.565103599381644,0.269743759183979,-1.80761329703781,neutral
Mosquito,ATA,ATT,Ile,Ile,1.62439105998861,2.13326627715475,0.258157626112503,3.81772973818365,170,-0.144473143571114,1.24250969765617,-0.0602341370129555,-0.285182040633049,0.0842390065581585,-1.52769173828922,neutral
Mosquito,ATC,ATA,Ile,Ile,0.917407074382687,0.672384511852776,0.289497584333333,2.27232372295672,150,0.125270615612865,-0.565103599381644,-0.144473143571114,1.24250969765617,-0.269743759183979,1.80761329703781,neutral
Mosquito,ATC,ATT,Ile,Ile,0.493518080536698,0.221692271793197,0.330239534557152,0.702279817910793,150,0.125270615612865,-0.565103599381644,-0.0602341370129555,-0.285182040633049,-0.185504752625821,0.279921558748595,deleterious
Mosquito,ATT,ATA,Ile,Ile,1.25635400367916,0.893382141714273,0.405606774914073,2.36749713078081,120,-0.0602341370129555,-0.285182040633049,-0.144473143571114,1.24250969765617,-0.0842390065581585,1.52769173828922,neutral
Mosquito,ATT,ATC,Ile,Ile,1.17745650215847,0.556272859468052,0.684842511778399,1.718035021543,120,-0.0602341370129555,-0.285182040633049,0.125270615612865,-0.565103599381644,0.185504752625821,-0.279921558748595,neutral
Mosquito,CAA,CAG,Gln,Gln,1.03257794247289,0.481268773251474,0.466727532915507,1.70664025438949,124,-0.0991257715389368,0.571966022437646,-0.0118469395692383,-0.591981764329078,0.0872788319696985,-1.16394778676672,neutral
Mosquito,CAC,CAT,His,His,0.510048685107143,0.203422817573614,0.299905176964286,0.788550423214286,56,-0.0196239520287771,-0.454022610400326,-0.0746670854773492,0.44523735214763,-0.0550431334485721,0.899259962547956,deleterious
Mosquito,CAG,CAA,Gln,Gln,1.17525629233488,0.720168910185569,0.466249682456363,2.23388689775216,80,-0.0118469395692383,-0.591981764329078,-0.0991257715389368,0.571966022437646,-0.0872788319696985,1.16394778676672,neutral
Mosquito,CAT,CAC,His,His,1.15008549871795,0.247571556221138,0.739003928205128,1.65113267948718,78,-0.0746670854773492,0.44523735214763,-0.0196239520287771,-0.454022610400326,0.0550431334485721,-0.899259962547956,neutral
Mosquito,CCA,CCC,Pro,Pro,0.894753857099266,0.757315994713568,0.14929666762105,2.28891703774434,172,0.00281006380796322,1.18763317174569,0.0451495266124702,-0.0809098435393489,0.042339462804507,-1.26854301528504,neutral
Mosquito,CCA,CCG,Pro,Pro,0.954689178567182,0.570819176268546,0.358751496028106,1.95504291323738,172,0.00281006380796322,1.18763317174569,-0.0102784268078718,-2.6598456048542,-0.013088490615835,-3.84747877659989,neutral
Mosquito,CCA,CCT,Pro,Pro,1.45794979613424,1.437566457735,0.247383023241635,3.43269121745861,172,0.00281006380796322,1.18763317174569,-0.0562543148549978,0.0733878653685126,-0.059064378662961,-1.11424530637718,neutral
Mosquito,CCC,CCA,Pro,Pro,1.48010135,1.00717549368603,0.307105526481481,3.5054902,54,0.0451495266124702,-0.0809098435393489,0.00281006380796322,1.18763317174569,-0.042339462804507,1.26854301528504,neutral
Mosquito,CCC,CCG,Pro,Pro,1.26450523333333,2.03302436793302,0.124859763888889,3.2615385037037,54,0.0451495266124702,-0.0809098435393489,-0.0102784268078718,-2.6598456048542,-0.055427953420342,-2.57893576131485,neutral
Mosquito,CCC,CCT,Pro,Pro,0.511777077962963,0.240790060076221,0.284257599296296,0.77678617037037,54,0.0451495266124702,-0.0809098435393489,-0.0562543148549978,0.0733878653685126,-0.101403841467468,0.154297708907861,deleterious
Mosquito,CCG,CCA,Pro,Pro,1.55267536666667,1.65655582101695,0.618791622222222,3.36298133333333,18,-0.0102784268078718,-2.6598456048542,0.00281006380796322,1.18763317174569,0.013088490615835,3.84747877659989,neutral
Mosquito,CCG,CCC,Pro,Pro,1.28911552777778,1.2938448131986,0.129880836666667,3.17484276666667,18,-0.0102784268078718,-2.6598456048542,0.0451495266124702,-0.0809098435393489,0.055427953420342,2.57893576131485,neutral
Mosquito,CCG,CCT,Pro,Pro,0.993074495555556,0.851443078143593,0.192336316666667,1.98130893888889,18,-0.0102784268078718,-2.6598456048542,-0.0562543148549978,0.0733878653685126,-0.045975888047126,2.73323347022271,neutral
Mosquito,CCT,CCA,Pro,Pro,1.16708086230913,0.535795640516264,0.387806250833333,1.97901890399419,48,-0.0562543148549978,0.0733878653685126,0.00281006380796322,1.18763317174569,0.059064378662961,1.11424530637718,neutral
Mosquito,CCT,CCC,Pro,Pro,1.12176992724124,0.200133229961163,0.749177097916667,1.60294889225037,48,-0.0562543148549978,0.0733878653685126,0.0451495266124702,-0.0809098435393489,0.101403841467468,-0.154297708907861,neutral
Mosquito,CCT,CCG,Pro,Pro,1.1852630480904,0.718047208773717,0.320870256645833,2.84017806672727,48,-0.0562543148549978,0.0733878653685126,-0.0102784268078718,-2.6598456048542,0.045975888047126,-2.73323347022271,neutral
Mosquito,CGA,AGA,Arg,Arg,1.5217196426286,1.51352126825521,0.385731171735669,2.68730309893369,28,-0.102291474577349,-1.55187977442353,-0.0291743006616932,2.33202872295502,0.0731171739156558,3.88390849737855,neutral
Mosquito,CGA,CGC,Arg,Arg,1.54409625247787,1.27605541100849,0.307721635689638,3.42610548306775,28,-0.102291474577349,-1.55187977442353,0.134148156780276,-1.29013498164842,0.236439631357625,0.26174479277511,neutral
Mosquito,CGA,CGG,Arg,Arg,1.09724616186983,0.514346579135444,0.389921638001631,2.05934379810378,28,-0.102291474577349,-1.55187977442353,-0.115967797438378,-2.76366213176538,-0.013676322861029,-1.21178235734185,neutral
Mosquito,CGA,CGT,Arg,Arg,1.12109341785714,1.09368355384363,0.1528416,2.82791648851977,28,-0.102291474577349,-1.55187977442353,0.155830804977972,-1.45540831865113,0.258122279555321,0.0964714557724,neutral
Mosquito,CGC,CGA,Arg,Arg,0.971749310314636,0.945103298079917,0.122082608571429,2.02342728842929,28,0.134148156780276,-1.29013498164842,-0.102291474577349,-1.55187977442353,-0.236439631357625,-0.26174479277511,neutral
Mosquito,CGC,CGG,Arg,Arg,0.907967298510493,0.912474755042011,0.086745429,2.94900705034316,28,0.134148156780276,-1.29013498164842,-0.115967797438378,-2.76366213176538,-0.250115954218654,-1.47352715011696,neutral
Mosquito,CGC,CGT,Arg,Arg,0.369071223346786,0.225817340650445,0.202275532169452,0.61830078151342,28,0.134148156780276,-1.29013498164842,0.155830804977972,-1.45540831865113,0.021682648197696,-0.16527333700271,deleterious
Mosquito,CGG,AGG,Arg,Arg,1.15644083499554,0.927229625202011,0.374818425714286,2.53104842192151,14,-0.115967797438378,-2.76366213176538,-0.0873985122423425,0.974042739664599,0.0285692851960355,3.73770487142998,neutral
Mosquito,CGG,CGA,Arg,Arg,1.33790798955369,0.47475554781247,0.478224480079324,2.45517458411738,14,-0.115967797438378,-2.76366213176538,-0.102291474577349,-1.55187977442353,0.013676322861029,1.21178235734185,neutral
Mosquito,CGG,CGC,Arg,Arg,0.821614294237042,0.732676952444952,0.07104485,1.78171724911736,14,-0.115967797438378,-2.76366213176538,0.134148156780276,-1.29013498164842,0.250115954218654,1.47352715011696,neutral
Mosquito,CGG,CGT,Arg,Arg,0.678068588431273,0.462496892015143,0.131536681197788,1.33871188175029,14,-0.115967797438378,-2.76366213176538,0.155830804977972,-1.45540831865113,0.27179860241635,1.30825381311425,neutral
Mosquito,CGT,CGA,Arg,Arg,1.12461774682898,0.825188980228571,0.257383374545455,2.34959922696053,22,0.155830804977972,-1.45540831865113,-0.102291474577349,-1.55187977442353,-0.258122279555321,-0.0964714557724,neutral
Mosquito,CGT,CGC,Arg,Arg,1.06652315559701,0.267988400478125,0.658686521860425,1.73122714581178,22,0.155830804977972,-1.45540831865113,0.134148156780276,-1.29013498164842,-0.021682648197696,0.16527333700271,neutral
Mosquito,CGT,CGG,Arg,Arg,1.17153834630579,0.913753391955653,0.243349325837158,2.93535200145592,22,0.155830804977972,-1.45540831865113,-0.115967797438378,-2.76366213176538,-0.27179860241635,-1.30825381311425,neutral
Mosquito,CTA,CTC,Leu,Leu,1.02046974331792,1.03558514148665,0.17668853901518,2.63850766251789,110,-0.0627184213495922,0.84078744463868,0.00314737652334419,0.372414998676476,0.0658657978729364,-0.468372445962204,neutral
Mosquito,CTA,CTG,Leu,Leu,0.989367422984085,0.42127978648981,0.468764753511053,1.61540588375836,110,-0.0627184213495922,0.84078744463868,0.0799598852821137,-0.801721921262198,0.142678306631706,-1.64250936590088,neutral
Mosquito,CTA,CTT,Leu,Leu,1.3923199661256,1.33955479441446,0.249316228,2.93364675134211,110,-0.0627184213495922,0.84078744463868,-0.0520056089759041,-0.164512054757958,0.0107128123736881,-1.00529949939664,neutral
Mosquito,CTA,TTA,Leu,Leu,0.442794521314769,0.185241525474954,0.2651252544,0.689301195138305,110,-0.0627184213495922,0.84078744463868,-0.0757594117747243,1.26899897932913,-0.0130409904251321,0.42821153469045,deleterious
Mosquito,CTC,CTA,Leu,Leu,1.02684386944444,0.673203195116409,0.239668576759259,2.38990514907407,108,0.00314737652334419,0.372414998676476,-0.0627184213495922,0.84078744463868,-0.0658657978729364,0.468372445962204,neutral
Mosquito,CTC,CTG,Leu,Leu,1.13980487777778,1.44320572964878,0.095071637037037,3.00205094601852,108,0.00314737652334419,0.372414998676476,0.0799598852821137,-0.801721921262198,0.0768125087587695,-1.17413691993867,neutral
Mosquito,CTC,CTT,Leu,Leu,0.494843243981481,0.21708681846437,0.312234100935185,0.719614720833333,108,0.00314737652334419,0.372414998676476,-0.0520056089759041,-0.164512054757958,-0.0551529854992483,-0.536927053434434,deleterious
Mosquito,CTG,CTA,Leu,Leu,1.30507503074026,0.678362630890452,0.488958915470315,2.41217084089313,138,0.0799598852821137,-0.801721921262198,-0.0627184213495922,0.84078744463868,-0.142678306631706,1.64250936590088,neutral
Mosquito,CTG,CTC,Leu,Leu,1.02205385405445,1.09645843459976,0.198326986513238,2.35522186321018,138,0.0799598852821137,-0.801721921262198,0.00314737652334419,0.372414998676476,-0.0768125087587695,1.17413691993867,neutral
Mosquito,CTG,CTT,Leu,Leu,0.826102587790191,0.611381198631506,0.220519396669409,1.59885817899236,138,0.0799598852821137,-0.801721921262198,-0.0520056089759041,-0.164512054757958,-0.131965494258018,0.63720986650424,neutral
Mosquito,CTG,TTG,Leu,Leu,0.457870338662441,0.22127777352627,0.259952140919305,0.684348230610145,136,0.0799598852821137,-0.801721921262198,-0.0829115905575008,-0.134347107430571,-0.162871475839615,0.667374813831627,deleterious
Mosquito,CTT,CTA,Leu,Leu,1.25353715912526,0.942072297603042,0.343070696374268,2.48368370590415,60,-0.0520056089759041,-0.164512054757958,-0.0627184213495922,0.84078744463868,-0.0107128123736881,1.00529949939664,neutral
Mosquito,CTT,CTC,Leu,Leu,1.10478623184314,0.305658556433592,0.637169164727356,1.68138407650078,60,-0.0520056089759041,-0.164512054757958,0.00314737652334419,0.372414998676476,0.0551529854992483,0.536927053434434,neutral
Mosquito,CTT,CTG,Leu,Leu,1.76656672108859,2.42033044659138,0.2220114185,3.74267582254595,60,-0.0520056089759041,-0.164512054757958,0.0799598852821137,-0.801721921262198,0.131965494258018,-0.63720986650424,neutral
Mosquito,GAA,GAG,Glu,Glu,0.932914355757576,0.471970625399038,0.383125114587273,1.66600518306061,330,-0.121063799551141,0.313557744733191,-0.0583881224211927,-0.510054791020999,0.0626756771299483,-0.82361253575419,neutral
Mosquito,GAC,GAT,Asp,Asp,0.408348606178344,0.197484439183453,0.251090805859873,0.635498133184713,157,-0.00458383862761151,0.341229807002363,-0.100314212019429,-0.387524242302508,-0.0957303733918175,-0.728754049304871,deleterious
Mosquito,GAG,GAA,Glu,Glu,1.25197988618156,0.66592527724447,0.599765548525501,2.1874678064378,151,-0.0583881224211927,-0.510054791020999,-0.121063799551141,0.313557744733191,-0.0626756771299483,0.82361253575419,neutral
Mosquito,GAT,GAC,Asp,Asp,1.18129219814815,0.305258035306051,0.679553993518519,1.82237003703704,108,-0.100314212019429,-0.387524242302508,-0.00458383862761151,0.341229807002363,0.0957303733918175,0.728754049304871,neutral
Mosquito,GCA,GCC,Ala,Ala,1.29357906000245,1.09548560309692,0.230716558964212,3.06707142274431,182,-0.0339809634339031,0.990365495849847,0.17897776105295,-0.268110567844246,0.212958724486853,-1.25847606369409,neutral
Mosquito,GCA,GCG,Ala,Ala,1.03980240763742,0.459856108408167,0.46356244383478,1.87052630404089,182,-0.0339809634339031,0.990365495849847,-0.0618776948361588,-1.62748605152701,-0.0278967314022557,-2.61785154737686,neutral
Mosquito,GCA,GCT,Ala,Ala,1.88189382260735,2.32648701899589,0.347758387340659,4.07314151148285,182,-0.0339809634339031,0.990365495849847,0.0848149222333553,0.0494917955738215,0.118795885667258,-0.940873700276025,neutral
Mosquito,GCC,GCA,Ala,Ala,1.31962005393196,1.05273625200277,0.266344478356061,3.04975775847443,132,0.17897776105295,-0.268110567844246,-0.0339809634339031,0.990365495849847,-0.212958724486853,1.25847606369409,neutral
Mosquito,GCC,GCG,Ala,Ala,1.23585798409091,1.56876458786111,0.142463489772727,2.93967860489816,132,0.17897776105295,-0.268110567844246,-0.0618776948361588,-1.62748605152701,-0.240855455889109,-1.35937548368276,neutral
Mosquito,GCC,GCT,Ala,Ala,0.428471047262682,0.265547455021045,0.221784296924069,0.677545028064443,132,0.17897776105295,-0.268110567844246,0.0848149222333553,0.0494917955738215,-0.0941628388195947,0.317602363418067,deleterious
Mosquito,GCG,GCA,Ala,Ala,1.3082374561064,0.749672475355554,0.529693178030112,2.13392650612657,32,-0.0618776948361588,-1.62748605152701,-0.0339809634339031,0.990365495849847,0.0278967314022557,2.61785154737686,neutral
Mosquito,GCG,GCC,Ala,Ala,1.11022072357679,1.00485210100102,0.283966425616616,2.6264573054191,32,-0.0618776948361588,-1.62748605152701,0.17897776105295,-0.268110567844246,0.240855455889109,1.35937548368276,neutral
Mosquito,GCG,GCT,Ala,Ala,1.08444215154781,0.613155535042592,0.341370199514559,1.90607413374565,32,-0.0618776948361588,-1.62748605152701,0.0848149222333553,0.0494917955738215,0.146692617069514,1.67697784710083,neutral
Mosquito,GCT,GCA,Ala,Ala,1.51629112735605,1.58994879553122,0.466907525212857,2.83153061523187,102,0.0848149222333553,0.0494917955738215,-0.0339809634339031,0.990365495849847,-0.118795885667258,0.940873700276025,neutral
Mosquito,GCT,GCC,Ala,Ala,1.25587238068406,0.70155832794852,0.657612045081499,2.04795831881797,102,0.0848149222333553,0.0494917955738215,0.17897776105295,-0.268110567844246,0.0941628388195947,-0.317602363418067,neutral
Mosquito,GCT,GCG,Ala,Ala,1.56789860744171,2.07129501264153,0.207623145294118,4.33896368333849,102,0.0848149222333553,0.0494917955738215,-0.0618776948361588,-1.62748605152701,-0.146692617069514,-1.67697784710083,neutral
Mosquito,GGA,GGC,Gly,Gly,1.21171717948647,1.62020399378043,0.177113435651439,2.79887073085029,314,0.118005469274061,0.73186208228137,0.12341526467042,-0.901453724060294,0.005409795396359,-1.63331580634166,neutral
Mosquito,GGA,GGG,Gly,Gly,0.875681666425219,0.529322320188272,0.276148372541027,1.62873201170751,312,0.118005469274061,0.73186208228137,-0.0675446976656659,0.396066123538057,-0.185550166939727,-0.335795958743313,neutral
Mosquito,GGA,GGT,Gly,Gly,0.911727443665869,1.39992544315226,0.11707079093949,2.28532033863083,314,0.118005469274061,0.73186208228137,0.138870446099128,-1.28132073905495,0.020864976825067,-2.01318282133632,neutral
Mosquito,GGC,GGA,Gly,Gly,1.21927124210526,0.833144358994016,0.269692981973684,2.44813865394737,76,0.12341526467042,-0.901453724060294,0.118005469274061,0.73186208228137,-0.005409795396359,1.63331580634166,neutral
Mosquito,GGC,GGG,Gly,Gly,1.28190726184211,0.994150915674662,0.201527131710526,3.08863880657895,76,0.12341526467042,-0.901453724060294,-0.0675446976656659,0.396066123538057,-0.190959962336086,1.29751984759835,neutral
Mosquito,GGC,GGT,Gly,Gly,0.319505791697368,0.235378500129613,0.183223249868421,0.527891635923684,76,0.12341526467042,-0.901453724060294,0.138870446099128,-1.28132073905495,0.015455181428708,-0.379867014994656,deleterious
Mosquito,GGG,GGA,Gly,Gly,1.42640956279768,0.963803994121546,0.513628484869373,2.73321472414082,100,-0.0675446976656659,0.396066123538057,0.118005469274061,0.73186208228137,0.185550166939727,0.335795958743313,neutral
Mosquito,GGG,GGC,Gly,Gly,0.882212481272053,0.829240485310863,0.167264264571682,2.0372391874509,100,-0.0675446976656659,0.396066123538057,0.12341526467042,-0.901453724060294,0.190959962336086,-1.29751984759835,neutral
Mosquito,GGG,GGT,Gly,Gly,0.769558483915729,1.00129134794869,0.12764800119756,2.85429661739698,100,-0.0675446976656659,0.396066123538057,0.138870446099128,-1.28132073905495,0.206415143764794,-1.67738686259301,neutral
Mosquito,GGT,GGA,Gly,Gly,1.4216434,0.84825172945308,0.367789152068966,2.99775018965517,58,0.138870446099128,-1.28132073905495,0.118005469274061,0.73186208228137,-0.020864976825067,2.01318282133632,neutral
Mosquito,GGT,GGC,Gly,Gly,1.20263872586207,0.358389577189995,0.718119048275862,1.81087742068966,58,0.138870446099128,-1.28132073905495,0.12341526467042,-0.901453724060294,-0.015455181428708,0.379867014994656,neutral
Mosquito,GGT,GGG,Gly,Gly,1.89324223051724,2.6299112286077,0.299031037068965,5.02769846551724,58,0.138870446099128,-1.28132073905495,-0.0675446976656659,0.396066123538057,-0.206415143764794,1.67738686259301,neutral
Mosquito,GTA,GTC,Val,Val,0.802765046111111,0.713606179685406,0.145439481851852,1.61145007222222,54,-0.0363509779912996,-0.234755556296955,0.158424082981843,-0.082622158063885,0.194775060973143,0.15213339823307,neutral
Mosquito,GTA,GTG,Val,Val,1.05959524259259,0.309665756458111,0.607516692592593,1.62918628888889,54,-0.0363509779912996,-0.234755556296955,0.0192716124753211,0.185748484007952,0.0556225904666207,0.420504040304907,neutral
Mosquito,GTA,GTT,Val,Val,1.31296217314815,0.763201114252911,0.331378130574074,3.21085773148148,54,-0.0363509779912996,-0.234755556296955,-0.00581195877094799,-0.0931341357012429,0.0305390192203516,0.141621420595712,neutral
Mosquito,GTC,GTA,Val,Val,1.06381981938776,0.660393265194195,0.267661201908163,2.0755824622449,98,0.158424082981843,-0.082622158063885,-0.0363509779912996,-0.234755556296955,-0.194775060973143,-0.15213339823307,neutral
Mosquito,GTC,GTG,Val,Val,1.28066293518469,2.00423205384984,0.198201154081633,3.5452669,98,0.158424082981843,-0.082622158063885,0.0192716124753211,0.185748484007952,-0.139152470506522,0.268370642071837,neutral
Mosquito,GTC,GTT,Val,Val,0.507701895408163,0.243317177909111,0.324219343530612,0.739254428979592,98,0.158424082981843,-0.082622158063885,-0.00581195877094799,-0.0931341357012429,-0.164236041752791,-0.0105119776373579,deleterious
Mosquito,GTG,GTA,Val,Val,1.1588376107831,0.593888175145454,0.398995930754827,2.20227317700428,182,0.0192716124753211,0.185748484007952,-0.0363509779912996,-0.234755556296955,-0.0556225904666207,-0.420504040304907,neutral
Mosquito,GTG,GTC,Val,Val,1.05965717468557,1.00638251838,0.183317377507205,2.15736411818925,182,0.0192716124753211,0.185748484007952,0.158424082981843,-0.082622158063885,0.139152470506522,-0.268370642071837,neutral
Mosquito,GTG,GTT,Val,Val,0.795447029981861,0.598848853433886,0.246332511841754,1.50448119502862,182,0.0192716124753211,0.185748484007952,-0.00581195877094799,-0.0931341357012429,-0.0250835712462691,-0.278882619709195,neutral
Mosquito,GTT,GTA,Val,Val,1.32823242937125,1.02769025930145,0.327767743089701,2.95602132462856,100,-0.00581195877094799,-0.0931341357012429,-0.0363509779912996,-0.234755556296955,-0.0305390192203516,-0.141621420595712,neutral
Mosquito,GTT,GTC,Val,Val,1.18876796218235,0.633095165729793,0.614007027828981,1.9902951262218,100,-0.00581195877094799,-0.0931341357012429,0.158424082981843,-0.082622158063885,0.164236041752791,0.0105119776373579,neutral
Mosquito,GTT,GTG,Val,Val,1.42271486389803,1.43289511222149,0.16373225014882,3.32528012997376,100,-0.00581195877094799,-0.0931341357012429,0.0192716124753211,0.185748484007952,0.0250835712462691,0.278882619709195,neutral
Mosquito,TAC,TAT,Tyr,Tyr,0.507060291860465,0.236230287848424,0.316469178174419,0.704542395,86,0.0786487222214858,-0.174556845515108,-0.0564854041766154,0.305269477092286,-0.135134126398101,0.479826322607394,deleterious
Mosquito,TAT,TAC,Tyr,Tyr,1.1776847637931,0.306941900682361,0.658594153448276,2.15946224827586,58,-0.0564854041766154,0.305269477092286,0.0786487222214858,-0.174556845515108,0.135134126398101,-0.479826322607394,neutral
Mosquito,TCA,TCC,Ser,Ser,1.02867477530144,1.23278182801348,0.146865812265625,2.21188675640895,128,-0.0750401250365538,1.67618011155548,0.0106531314741232,-0.432008797874121,0.085693256510677,-2.1081889094296,neutral
Mosquito,TCA,TCG,Ser,Ser,0.776673221777944,0.516197534829303,0.273092937258715,1.3953920102258,128,-0.0750401250365538,1.67618011155548,-0.0121922558994318,-2.39388470537742,0.062847869137122,-4.0700648169329,neutral
Mosquito,TCA,TCT,Ser,Ser,1.27888114843845,1.41303662147669,0.174465393348264,2.99805958832757,128,-0.0750401250365538,1.67618011155548,-0.0618102294121487,0.738477246111117,0.0132298956244051,-0.937702865444363,neutral
Mosquito,TCC,TCA,Ser,Ser,1.22995782892857,1.22708651647274,0.2538105175,2.38799187142857,56,0.0106531314741232,-0.432008797874121,-0.0750401250365538,1.67618011155548,-0.085693256510677,2.1081889094296,neutral
Mosquito,TCC,TCG,Ser,Ser,1.19125806071429,1.5543978845071,0.0897624,2.92831250357143,56,0.0106531314741232,-0.432008797874121,-0.0121922558994318,-2.39388470537742,-0.022845387373555,-1.9618759075033,neutral
Mosquito,TCC,TCT,Ser,Ser,0.424629819642857,0.210658705535908,0.245632130714286,0.66090396875,56,0.0106531314741232,-0.432008797874121,-0.0618102294121487,0.738477246111117,-0.0724633608862719,1.17048604398524,deleterious
Mosquito,TCG,TCA,Ser,Ser,1.26269706700345,0.595689190933546,0.586351574349879,2.09848184101228,18,-0.0121922558994318,-2.39388470537742,-0.0750401250365538,1.67618011155548,-0.062847869137122,4.0700648169329,neutral
Mosquito,TCG,TCC,Ser,Ser,0.775159930893128,0.593653852588978,0.20164335838252,1.5891171679282,18,-0.0121922558994318,-2.39388470537742,0.0106531314741232,-0.432008797874121,0.022845387373555,1.9618759075033,neutral
Mosquito,TCG,TCT,Ser,Ser,0.67000631549048,0.42085740437561,0.228697564080491,1.34142192984394,18,-0.0121922558994318,-2.39388470537742,-0.0618102294121487,0.738477246111117,-0.0496179735127169,3.13236195148854,neutral
Mosquito,TCT,TCA,Ser,Ser,1.22140239586207,0.840529440214658,0.321563876724138,2.47179052241379,58,-0.0618102294121487,0.738477246111117,-0.0750401250365538,1.67618011155548,-0.0132298956244051,0.937702865444363,neutral
Mosquito,TCT,TCC,Ser,Ser,1.53951867068966,2.07553478806669,0.643051608448276,2.42107235862069,58,-0.0618102294121487,0.738477246111117,0.0106531314741232,-0.432008797874121,0.0724633608862719,-1.17048604398524,neutral
Mosquito,TCT,TCG,Ser,Ser,1.13521119310345,0.858223112134081,0.241646070172414,2.58067339482759,58,-0.0618102294121487,0.738477246111117,-0.0121922558994318,-2.39388470537742,0.0496179735127169,-3.13236195148854,neutral
Mosquito,TGC,TGT,Cys,Cys,0.476954223342581,0.188409226671438,0.258620503064516,0.763062080453387,62,-0.00807380796719112,-0.0950155097732795,-0.0492911585752977,0.122127935051711,-0.0412173506081066,0.21714344482499,deleterious
Mosquito,TGT,TGC,Cys,Cys,1.32033619230769,0.814094594254017,0.663179075,2.12132288269231,52,-0.0492911585752977,0.122127935051711,-0.00807380796719112,-0.0950155097732795,0.0412173506081066,-0.21714344482499,neutral
Mosquito,TTA,CTA,Leu,Leu,1.29963003781849,0.795300298741747,0.675178359921256,2.13971611047257,84,-0.0757594117747243,1.26899897932913,-0.0627184213495922,0.84078744463868,0.0130409904251321,-0.42821153469045,neutral
Mosquito,TTA,TTG,Leu,Leu,1.21917049605799,0.56041663606814,0.606871749086753,1.98834017121947,84,-0.0757594117747243,1.26899897932913,-0.0829115905575008,-0.134347107430571,-0.00715217878277651,-1.4033460867597,neutral
Mosquito,TTC,TTT,Phe,Phe,0.49690191996083,0.293037680327298,0.301071338008786,0.752818768931792,110,0.0788768056783008,-0.294204224955615,-0.0788024907058903,0.466889149367171,-0.157679296384191,0.761093374322786,deleterious
Mosquito,TTG,CTG,Leu,Leu,1.28475784489046,0.696618531596763,0.679281327586487,2.02986378934467,128,-0.0829115905575008,-0.134347107430571,0.0799598852821137,-0.801721921262198,0.162871475839615,-0.667374813831627,neutral
Mosquito,TTG,TTA,Leu,Leu,1.27469385620156,0.692858359867594,0.406832081359922,2.39678454198302,128,-0.0829115905575008,-0.134347107430571,-0.0757594117747243,1.26899897932913,0.00715217878277651,1.4033460867597,neutral
Mosquito,TTT,TTC,Phe,Phe,1.14619839,0.364796453318654,0.647194917111111,1.80415624444444,90,-0.0788024907058903,0.466889149367171,0.0788768056783008,-0.294204224955615,0.157679296384191,-0.761093374322786,neutral
